,number,value,datetime_start,datetime_complete,duration,params_lr,params_out_dim,params_scheduler_gamma,params_weight_decay,system_attrs_completed_rung_0,system_attrs_completed_rung_1,system_attrs_completed_rung_2,state
0,0,0.6986930469041344,2021-02-22 18:33:47.107255,2021-02-22 18:48:35.734451,0 days 00:14:48.627196,1.3254160009197048e-05,10,0.9900455170415013,12.52149243621905,0.7069263002218388,0.6847424205077643,,COMPLETE
1,1,0.7090230888563107,2021-02-22 18:48:35.735065,2021-02-22 19:03:22.858672,0 days 00:14:47.123607,0.00023304685749925616,10,0.9910579960601177,7.73051352774289,0.7042149371456742,0.7049543998028099,0.7064333251170816,COMPLETE
2,2,0.6543943658014169,2021-02-22 19:03:22.859264,2021-02-22 19:18:12.240257,0 days 00:14:49.380993,2.0134510912810672e-05,70,0.9910519733263181,5.720434303223938,0.7069263002218388,0.7091446881932463,,COMPLETE
3,3,0.6893283630957212,2021-02-22 19:18:12.240807,2021-02-22 19:33:00.736281,0 days 00:14:48.495474,4.283819537530291e-05,100,0.9939058119059229,15.784165238103318,0.7106236135075179,0.7054473749075671,0.7093911757456248,COMPLETE
4,4,0.7319678634953988,2021-02-22 19:33:00.736858,2021-02-22 19:47:49.409480,0 days 00:14:48.672622,0.0018747973438390207,60,0.9972890123150325,19.908443634173146,0.7049543998028099,,,COMPLETE
5,5,0.703721962040917,2021-02-22 19:47:49.410054,2021-02-22 19:48:15.312029,0 days 00:00:25.901975,2.7128382535250846e-05,90,0.9957561160347461,18.483396105824944,0.703721962040917,,,PRUNED
6,6,0.7044614246980527,2021-02-22 19:48:15.312211,2021-02-22 19:48:26.836295,0 days 00:00:11.524084,0.0008378390475020566,30,0.9906735802038014,19.701109641808284,0.7044614246980527,,,PRUNED
7,7,0.7047079122504314,2021-02-22 19:48:26.836454,2021-02-22 19:48:52.703368,0 days 00:00:25.866914,0.0003607774887683616,20,0.9903817513605278,5.12761937852669,0.7047079122504314,,,PRUNED
8,8,0.6970667981266946,2021-02-22 19:48:52.703541,2021-02-22 19:49:18.822313,0 days 00:00:26.118772,0.013754430645846407,70,0.9979653825036978,0.10542729516400881,0.6970667981266946,,,PRUNED
9,9,0.6879467586886863,2021-02-22 19:49:18.822516,2021-02-22 19:50:28.453985,0 days 00:01:09.631469,4.976083685527673e-05,100,0.9941201877467103,1.173892074194344,0.707419275326596,0.6879467586886863,,PRUNED
10,10,0.7049543998028099,2021-02-22 19:50:28.454145,2021-02-22 19:50:54.351018,0 days 00:00:25.896873,0.0030867416152023375,70,0.9989673403660576,16.957829936822552,0.7049543998028099,,,PRUNED
11,11,0.6970667981266946,2021-02-22 19:50:54.351200,2021-02-22 19:52:04.022220,0 days 00:01:09.671020,0.00022719721039001156,70,0.9983437279054385,9.30567249306244,0.6970667981266946,,,PRUNED
12,12,0.7032289869361598,2021-02-22 19:52:04.022401,2021-02-22 19:52:15.485033,0 days 00:00:11.462632,0.004703317666118773,100,0.9934288721770533,0.6997671842806282,0.7032289869361598,,,PRUNED
13,13,0.7024895242790239,2021-02-22 19:52:15.485224,2021-02-22 19:52:41.689577,0 days 00:00:26.204353,1.9844443213923206e-05,70,0.997848192779085,8.047049752565979,0.7108701010598965,0.7024895242790239,,PRUNED
14,14,0.7319678634953988,2021-02-22 19:52:41.689738,2021-02-22 20:07:29.992563,0 days 00:14:48.302825,0.011721361492604481,30,0.9930820533557263,12.420605004327415,0.7049543998028099,,,COMPLETE
15,15,0.7319678634953988,2021-02-22 20:07:29.993124,2021-02-22 20:22:18.897544,0 days 00:14:48.904420,0.00643307297471699,10,0.995695307478074,17.39001333554157,0.7049543998028099,,,COMPLETE
16,16,0.7059403500123244,2021-02-22 20:22:18.898132,2021-02-22 20:22:30.342373,0 days 00:00:11.444241,8.231543011000481e-05,20,0.997279522738601,2.637518749999,0.7059403500123244,,,PRUNED
17,17,0.7007641114123737,2021-02-22 20:22:30.342548,2021-02-22 20:22:41.921663,0 days 00:00:11.579115,1.1467747350723937e-05,100,0.9952619169186248,12.279412448321953,0.7007641114123737,,,PRUNED
18,18,0.6953413852600444,2021-02-22 20:22:41.921879,2021-02-22 20:22:53.247178,0 days 00:00:11.325299,6.584849138069511e-05,90,0.9980090973551058,14.252915455628283,0.6953413852600444,,,PRUNED
19,19,0.7049543998028099,2021-02-22 20:22:53.247357,2021-02-22 20:23:04.850868,0 days 00:00:11.603511,0.011208225771347998,30,0.9945255204985454,10.923918451321057,0.7049543998028099,,,PRUNED
20,20,0.7042149371456742,2021-02-22 20:23:04.851045,2021-02-22 20:24:14.860484,0 days 00:01:10.009439,0.0004672855066887713,80,0.9969355753291809,9.840271109128095,0.706186837564703,0.7069263002218388,0.7042149371456742,PRUNED
21,21,0.7049543998028099,2021-02-22 20:24:14.860680,2021-02-22 20:24:26.383742,0 days 00:00:11.523062,0.001944012386679459,50,0.9906145767446448,5.19751629476211,0.7049543998028099,,,PRUNED
22,22,0.7049543998028099,2021-02-22 20:24:26.383919,2021-02-22 20:24:52.393658,0 days 00:00:26.009739,0.016508776712772694,50,0.995240484226295,16.296965853013422,0.7049543998028099,,,PRUNED
23,23,0.7044614246980527,2021-02-22 20:24:52.393852,2021-02-22 20:25:03.742563,0 days 00:00:11.348711,0.00011099743197655336,10,0.991918408144602,17.315006451854522,0.7044614246980527,,,PRUNED
24,24,0.7042149371456742,2021-02-22 20:25:03.742756,2021-02-22 20:25:29.956617,0 days 00:00:26.213861,0.00019096846016657213,50,0.9926251284323897,6.044254972449742,0.7096376632980035,0.7042149371456742,,PRUNED
25,25,0.7059403500123244,2021-02-22 20:25:29.956802,2021-02-22 20:25:56.078025,0 days 00:00:26.121223,0.0005854814000907576,60,0.9959435884749576,10.012111470368016,0.7059403500123244,,,PRUNED
26,26,0.6990386985457234,2021-02-22 20:25:56.078214,2021-02-22 20:26:07.469965,0 days 00:00:11.391751,2.9939090998631074e-05,70,0.9958580928357733,15.320004197235349,0.6990386985457234,,,PRUNED
27,27,0.7049543998028099,2021-02-22 20:26:07.470181,2021-02-22 20:27:16.997751,0 days 00:01:09.527570,0.00039568881593250325,10,0.9915700029522567,19.816509805380726,0.706186837564703,0.7059403500123244,0.7049543998028099,PRUNED
28,28,0.6579791551074322,2021-02-22 20:27:16.997938,2021-02-22 20:42:06.122915,0 days 00:14:49.124977,0.00019361783710457583,40,0.9956277667348897,0.6633257363930445,0.73675129405965,,,COMPLETE
29,29,0.707419275326596,2021-02-22 20:42:06.123487,2021-02-22 20:43:15.799258,0 days 00:01:09.675771,0.00014115968484466415,50,0.9932862502380755,12.369348830716747,0.709884150850382,0.707419275326596,,PRUNED
30,30,0.7047079122504314,2021-02-22 20:43:15.799421,2021-02-22 20:44:25.633488,0 days 00:01:09.834067,0.0026838193591696724,70,0.9979406816420917,8.128084734656602,0.7047079122504314,,,PRUNED
31,31,0.7029824993837811,2021-02-22 20:44:25.633658,2021-02-22 20:44:37.127810,0 days 00:00:11.494152,3.420612711069264e-05,40,0.9933919094749823,8.072778015099109,0.7029824993837811,,,PRUNED
32,32,0.7049543998028099,2021-02-22 20:44:37.128024,2021-02-22 20:45:03.315915,0 days 00:00:26.187891,0.0015904085876364937,10,0.9920963021377314,13.930464938891324,0.7049543998028099,,,PRUNED
33,33,0.6896721715553364,2021-02-22 20:45:03.316118,2021-02-22 20:46:12.976702,0 days 00:01:09.660584,1.4605869978151537e-05,30,0.9900703420415422,6.257373972964824,0.7160463396598472,0.6896721715553364,,PRUNED
34,34,0.7054473749075671,2021-02-22 20:46:12.976890,2021-02-22 20:46:39.008683,0 days 00:00:26.031793,0.00022999053239296477,70,0.9900824994736473,13.736933587717873,0.713088489031304,0.7054473749075671,,PRUNED
35,35,0.7052008873551886,2021-02-22 20:46:39.008864,2021-02-22 20:46:50.382996,0 days 00:00:11.374132,1.1126010010515352e-05,60,0.9937846504896257,16.713698311319533,0.7052008873551886,,,PRUNED
36,36,0.7029824993837811,2021-02-22 20:46:50.383222,2021-02-22 20:47:01.739514,0 days 00:00:11.356292,0.0011518886260193173,90,0.9917513600356246,3.612726726827672,0.7029824993837811,,,PRUNED
37,37,0.6990386985457234,2021-02-22 20:47:01.739735,2021-02-22 20:47:13.244321,0 days 00:00:11.504586,4.439316368688925e-05,30,0.9961584236413112,9.786101402892397,0.6990386985457234,,,PRUNED
38,38,0.6901764762656377,2021-02-22 20:47:13.244515,2021-02-22 21:02:17.197394,0 days 00:15:03.952879,0.00016462259170168527,20,0.9945982002420946,7.002814858692428,0.7116095637170323,0.7069263002218388,0.7214690658121765,COMPLETE
39,39,0.6913975844219867,2021-02-22 21:02:17.197988,2021-02-22 21:03:31.222896,0 days 00:01:14.024908,6.815014036137311e-05,80,0.9917067237893189,6.463407680595289,0.7263988168597486,0.6913975844219867,,PRUNED
40,40,0.7042149371456742,2021-02-22 21:03:31.223066,2021-02-22 21:03:57.645871,0 days 00:00:26.422805,1.2589174258089005e-05,40,0.9912778545335726,9.513148159586441,0.7042149371456742,,,PRUNED
41,41,0.750540490516846,2021-02-22 21:03:57.646072,2021-02-22 21:18:51.465722,0 days 00:14:53.819650,0.018051879857337708,30,0.9952576830166442,16.092842226531925,0.7049543998028099,,,COMPLETE
42,42,0.751324447113366,2021-02-22 21:18:51.466335,2021-02-22 21:33:53.995817,0 days 00:15:02.529482,0.0014429969454960736,90,0.9913202158494463,17.45321124156282,0.7052008873551886,,,COMPLETE
43,43,0.7327093889191275,2021-02-22 21:33:53.996415,2021-02-22 21:49:20.609777,0 days 00:15:26.613362,0.0034578631544163844,70,0.9979390135816161,15.719523516462878,0.7049543998028099,,,COMPLETE
44,44,0.7022430367266453,2021-02-22 21:49:20.610381,2021-02-22 21:49:32.719355,0 days 00:00:12.108974,0.00015457666309133598,10,0.9945200199013684,7.704156081103239,0.7022430367266453,,,PRUNED
45,45,0.7032289869361598,2021-02-22 21:49:32.719578,2021-02-22 21:50:45.234261,0 days 00:01:12.514683,0.0004505274600110519,20,0.9952848305839394,5.9823069926942924,0.7086517130884891,0.7069263002218388,0.7032289869361598,PRUNED
46,46,0.7056938624599458,2021-02-22 21:50:45.234452,2021-02-22 21:50:57.360277,0 days 00:00:12.125825,0.00027390467287703463,20,0.9923918182870575,11.762891015173405,0.7056938624599458,,,PRUNED
47,47,0.7039684495932955,2021-02-22 21:50:57.360510,2021-02-22 21:51:09.436893,0 days 00:00:12.076383,7.084506343773844e-05,40,0.9939761611371907,4.2352271126371885,0.7039684495932955,,,PRUNED
48,48,0.7044614246980527,2021-02-22 21:51:09.437097,2021-02-22 21:52:21.818633,0 days 00:01:12.381536,3.534143031752513e-05,50,0.9977906993019694,0.6595003340342686,0.7044614246980527,,,PRUNED
49,49,0.6921370470791225,2021-02-22 21:52:21.818816,2021-02-22 21:52:49.101621,0 days 00:00:27.282805,1.1340540612721088e-05,100,0.9901146920336776,4.142240546287963,0.6921370470791225,,,PRUNED
50,50,0.7042149371456742,2021-02-22 21:52:49.101818,2021-02-22 21:54:01.646672,0 days 00:01:12.544854,0.00011759645097302772,10,0.9928866166304867,1.165282004035494,0.7079122504313532,0.709884150850382,0.7042149371456742,PRUNED
51,51,0.7054473749075671,2021-02-22 21:54:01.646877,2021-02-22 21:54:29.049213,0 days 00:00:27.402336,0.00015048162715144004,80,0.9927157484079143,9.511851731546859,0.7054473749075671,,,PRUNED
52,52,0.6970667981266946,2021-02-22 21:54:29.049419,2021-02-22 21:54:41.148173,0 days 00:00:12.098754,2.410684433522875e-05,20,0.995197907383648,7.244676133933572,0.6970667981266946,,,PRUNED
53,53,0.7083530608169053,2021-02-22 21:54:41.148400,2021-02-22 22:09:58.137141,0 days 00:15:16.988741,0.000775692957667783,100,0.99005165594562,4.999570302928692,0.706186837564703,,,COMPLETE
54,54,0.7054473749075671,2021-02-22 22:09:58.137760,2021-02-22 22:11:10.643623,0 days 00:01:12.505863,3.492778737188211e-05,30,0.9910085891088787,12.487869625827408,0.7298496425930491,0.7054473749075671,,PRUNED
55,55,0.7027360118314026,2021-02-22 22:11:10.643851,2021-02-22 22:12:23.359578,0 days 00:01:12.715727,1.163493466201681e-05,10,0.9938468328229715,2.4638361400225097,0.7111165886122751,0.7027360118314026,,PRUNED
56,56,0.7054473749075671,2021-02-22 22:12:23.359786,2021-02-22 22:12:35.488237,0 days 00:00:12.128451,0.000839696390952815,40,0.9910183532753716,8.445596782941335,0.7054473749075671,,,PRUNED
57,57,0.7047079122504314,2021-02-22 22:12:35.488474,2021-02-22 22:12:47.620369,0 days 00:00:12.131895,0.0003182670610106624,60,0.9965241995314085,18.240826498662052,0.7047079122504314,,,PRUNED
58,58,0.6973132856790732,2021-02-22 22:12:47.620573,2021-02-22 22:12:59.737422,0 days 00:00:12.116849,5.061848372510449e-05,30,0.9985712286054115,12.914106229888253,0.6973132856790732,,,PRUNED
59,59,0.7319678634953988,2021-02-22 22:12:59.737650,2021-02-22 22:28:18.597006,0 days 00:15:18.859356,0.016340326592109437,100,0.9926763638806304,14.794279837559122,0.7049543998028099,,,COMPLETE
60,60,0.6973132856790732,2021-02-22 22:28:18.597619,2021-02-22 22:28:45.969110,0 days 00:00:27.371491,9.740922489512629e-05,70,0.9925137056755688,7.705752300478104,0.6973132856790732,,,PRUNED
61,61,0.6970667981266946,2021-02-22 22:28:45.969292,2021-02-22 22:29:13.135162,0 days 00:00:27.165870,2.3582201777743818e-05,60,0.990031542558638,13.858200282480276,0.6970667981266946,,,PRUNED
62,62,0.7054473749075671,2021-02-22 22:29:13.135366,2021-02-22 22:29:25.290950,0 days 00:00:12.155584,0.0016420561099664435,20,0.994228571703118,9.66201772381341,0.7054473749075671,,,PRUNED
63,63,0.7054473749075671,2021-02-22 22:29:25.291150,2021-02-22 22:29:37.405600,0 days 00:00:12.114450,0.0005930584312508512,10,0.9913802195720113,19.297818903497756,0.7054473749075671,,,PRUNED
64,64,0.7034754744885383,2021-02-22 22:29:37.405864,2021-02-22 22:29:49.531604,0 days 00:00:12.125740,0.0001414044930708047,10,0.9906533538360383,18.911901367644408,0.7034754744885383,,,PRUNED
65,65,0.7012398360288895,2021-02-22 22:29:49.531809,2021-02-22 22:45:10.376012,0 days 00:15:20.844203,1.1186468769974602e-05,20,0.990312256064787,19.75158957401373,0.7214690658121765,,,COMPLETE
66,66,0.7338356862974175,2021-02-22 22:45:10.376624,2021-02-22 23:00:33.794616,0 days 00:15:23.417992,0.0007518477233263343,90,0.9918640460780391,12.895958774482583,0.7052008873551886,,,COMPLETE
67,67,0.7059403500123244,2021-02-22 23:00:33.795241,2021-02-22 23:01:01.082228,0 days 00:00:27.286987,0.0003968906834469671,40,0.990917414005358,2.9304826392012115,0.7059403500123244,,,PRUNED
68,68,0.716939701767154,2021-02-22 23:01:01.082411,2021-02-22 23:16:20.828174,0 days 00:15:19.745763,0.00012373873869957455,10,0.9943470596925783,18.153201326215562,0.7059403500123244,,,COMPLETE
69,69,0.7052008873551886,2021-02-22 23:16:20.828786,2021-02-22 23:16:48.216168,0 days 00:00:27.387382,0.00033734136992879876,30,0.9933422613028721,15.481927354205666,0.7069263002218388,0.7052008873551886,,PRUNED
70,70,0.7017500616218881,2021-02-22 23:16:48.216376,2021-02-22 23:17:15.362834,0 days 00:00:27.146458,0.00015596463346295605,50,0.9934147743588249,11.782008231245184,0.7017500616218881,,,PRUNED
71,71,0.7022430367266453,2021-02-22 23:17:15.363070,2021-02-22 23:17:42.670847,0 days 00:00:27.307777,0.0007455617135837543,10,0.9900037643687088,6.708604198917463,0.7084052255361104,0.7022430367266453,,PRUNED
72,72,0.7010105989647523,2021-02-22 23:17:42.671082,2021-02-22 23:18:09.965193,0 days 00:00:27.294111,1.5831188400979084e-05,20,0.9920767092551012,2.076871590448402,0.7076657628789746,0.7010105989647523,,PRUNED
73,73,0.7034754744885383,2021-02-22 23:18:09.965404,2021-02-22 23:18:37.263268,0 days 00:00:27.297864,0.00018180775820043592,80,0.9931423502096539,14.781315188830003,0.7034754744885383,,,PRUNED
74,74,0.6953413852600444,2021-02-22 23:18:37.263514,2021-02-22 23:19:04.664912,0 days 00:00:27.401398,2.2777799006510405e-05,20,0.9945568249354741,11.368810222648811,0.6953413852600444,,,PRUNED
75,75,0.7002711363076165,2021-02-22 23:19:04.665144,2021-02-22 23:20:16.961821,0 days 00:01:12.296677,5.312051435085201e-05,90,0.9918877573555784,8.170041982022074,0.7157998521074685,0.7002711363076165,,PRUNED
76,76,0.7049543998028099,2021-02-22 23:20:16.962071,2021-02-22 23:20:44.137603,0 days 00:00:27.175532,0.0018197217371469976,60,0.9909093549163357,12.763381504760037,0.7049543998028099,,,PRUNED
77,77,0.7034754744885383,2021-02-22 23:20:44.137815,2021-02-22 23:21:11.481601,0 days 00:00:27.343786,0.0002603574779078062,40,0.9968531024309776,10.652703330591068,0.7034754744885383,,,PRUNED
78,78,0.7049543998028099,2021-02-22 23:21:11.481809,2021-02-22 23:21:23.591886,0 days 00:00:12.110077,0.003643231945739042,100,0.9913546506653244,19.870486728096257,0.7049543998028099,,,PRUNED
79,79,0.7049543998028099,2021-02-22 23:21:23.592126,2021-02-22 23:22:36.343462,0 days 00:01:12.751336,0.014410023539493421,30,0.9945364975511976,12.171432583560346,0.7049543998028099,,,PRUNED
80,80,0.6973132856790732,2021-02-22 23:22:36.343665,2021-02-22 23:23:03.678317,0 days 00:00:27.334652,8.743571072411782e-05,10,0.9950020235824268,8.774412456590067,0.7113630761646537,0.6973132856790732,,PRUNED
81,81,0.7022430367266453,2021-02-22 23:23:03.678548,2021-02-22 23:23:15.898078,0 days 00:00:12.219530,0.0001716926734854572,90,0.9932283735309405,11.228234421631436,0.7022430367266453,,,PRUNED
82,82,0.7049543998028099,2021-02-22 23:23:15.898313,2021-02-22 23:23:43.374466,0 days 00:00:27.476153,0.0009513069554654576,50,0.9925381562193956,15.476118209218779,0.7049543998028099,,,PRUNED
83,83,0.703721962040917,2021-02-22 23:23:43.374684,2021-02-22 23:23:55.584600,0 days 00:00:12.209916,5.600941381254768e-05,20,0.9957165482980409,4.796839668841126,0.703721962040917,,,PRUNED
84,84,0.7049543998028099,2021-02-22 23:23:55.584835,2021-02-22 23:25:08.213245,0 days 00:01:12.628410,0.0009565610802526138,90,0.9916241753209016,17.422345272320626,0.7049543998028099,,,PRUNED
85,85,0.7056938624599458,2021-02-22 23:25:08.213459,2021-02-22 23:25:35.500074,0 days 00:00:27.286615,8.887352107647909e-05,90,0.9947572643636359,18.74615254097627,0.7056938624599458,,,PRUNED
86,86,0.7039684495932955,2021-02-22 23:25:35.500292,2021-02-22 23:26:02.868781,0 days 00:00:27.368489,0.0003467422453260637,80,0.9948139817854713,17.393639168509097,0.7076657628789746,0.7039684495932955,,PRUNED
87,87,0.7010105989647523,2021-02-22 23:26:02.868999,2021-02-22 23:26:30.231927,0 days 00:00:27.362928,0.00013667504199855158,10,0.9928293208280408,3.3186754801133143,0.7106236135075179,0.7010105989647523,,PRUNED
88,88,0.6835099827458714,2021-02-22 23:26:30.232160,2021-02-22 23:27:42.840151,0 days 00:01:12.607991,9.956796590654922e-05,10,0.9930064361673051,1.4597026494538223,0.7123490263741681,0.7096376632980035,0.6835099827458714,PRUNED
89,89,0.7012570865171309,2021-02-22 23:27:42.840363,2021-02-22 23:28:10.161499,0 days 00:00:27.321136,3.33717552325005e-05,70,0.9915331943584247,19.768131439094805,0.7012570865171309,,,PRUNED
90,90,0.7049543998028099,2021-02-22 23:28:10.161691,2021-02-22 23:29:22.926622,0 days 00:01:12.764931,5.6333077406875896e-05,50,0.9961751117148699,14.813893986108065,0.7049543998028099,,,PRUNED
91,91,0.7049543998028099,2021-02-22 23:29:22.926847,2021-02-22 23:30:35.652762,0 days 00:01:12.725915,0.006148321704867206,30,0.9942366671731011,19.903128610951224,0.7049543998028099,,,PRUNED
92,92,0.7019550716312406,2021-02-22 23:30:35.652960,2021-02-22 23:45:58.201004,0 days 00:15:22.548044,0.00011360455497453991,20,0.992381663994084,15.873763487396415,0.7113630761646537,0.7165393147646044,0.7153068770027113,COMPLETE
93,93,0.7323516526337317,2021-02-22 23:45:58.201626,2021-02-23 00:01:20.417707,0 days 00:15:22.216081,0.00036440120626555995,80,0.9965073985885434,16.059061539760467,0.7054473749075671,,,COMPLETE
94,94,0.6812915947744639,2021-02-23 00:01:20.418329,2021-02-23 00:02:33.344558,0 days 00:01:12.926229,1.9684927789594863e-05,20,0.9905326324013088,8.240688321419128,0.7145674143455756,0.6812915947744639,,PRUNED
95,95,0.7039684495932955,2021-02-23 00:02:33.344758,2021-02-23 00:02:45.407628,0 days 00:00:12.062870,0.00020467529214062484,30,0.9923162375334087,15.267155281077969,0.7039684495932955,,,PRUNED
96,96,0.6921089145152429,2021-02-23 00:02:45.407877,2021-02-23 00:18:06.571539,0 days 00:15:21.163662,3.754851717762171e-05,30,0.9910730549804156,12.733377804597161,0.7091446881932463,0.7088982006408676,,COMPLETE
97,97,0.7022430367266453,2021-02-23 00:18:06.572155,2021-02-23 00:18:33.897168,0 days 00:00:27.325013,4.1331060894912676e-05,30,0.9905029524295282,13.465385104872764,0.7022430367266453,,,PRUNED
98,98,0.703721962040917,2021-02-23 00:18:33.897394,2021-02-23 00:19:00.973851,0 days 00:00:27.076457,3.8863582455409184e-05,20,0.9916579022506876,16.38157481119726,0.7160463396598472,0.703721962040917,,PRUNED
99,99,0.6960808479171802,2021-02-23 00:19:00.974074,2021-02-23 00:19:13.056494,0 days 00:00:12.082420,8.188257030180345e-05,40,0.9902760693374364,13.837964763724827,0.6960808479171802,,,PRUNED
100,100,0.7005933611111432,2021-02-23 00:19:13.056740,2021-02-23 00:34:35.072070,0 days 00:15:22.015330,0.00010376221867674533,10,0.9922378640445714,11.415171804705825,0.7079122504313532,0.7076657628789746,,COMPLETE
101,101,0.703721962040917,2021-02-23 00:34:35.072697,2021-02-23 00:34:47.192143,0 days 00:00:12.119446,1.6361547341861662e-05,20,0.9936366741405407,9.103110765254456,0.703721962040917,,,PRUNED
102,102,0.7012570865171309,2021-02-23 00:34:47.192357,2021-02-23 00:34:59.406137,0 days 00:00:12.213780,0.00023839482363093565,30,0.9911636353402722,10.673026654342731,0.7012570865171309,,,PRUNED
103,103,0.7042149371456742,2021-02-23 00:34:59.406326,2021-02-23 00:35:11.556076,0 days 00:00:12.149750,0.000586549407533052,80,0.9941858016726911,12.940171657633437,0.7042149371456742,,,PRUNED
104,104,0.674389943307863,2021-02-23 00:35:11.556322,2021-02-23 00:36:24.350528,0 days 00:01:12.794206,2.7448063390573676e-05,50,0.9908686576941748,0.0018797403141164182,0.7118560512694109,0.7182647276312546,0.674389943307863,PRUNED
105,105,0.7165303364674436,2021-02-23 00:36:24.350753,2021-02-23 00:51:45.725173,0 days 00:15:21.374420,0.0015570566082843999,40,0.9910536867445188,5.398010716538516,0.7052008873551886,,,COMPLETE
106,106,0.6953413852600444,2021-02-23 00:51:45.725808,2021-02-23 00:52:12.912604,0 days 00:00:27.186796,1.898441613264811e-05,10,0.9921378118851121,11.026654275390637,0.6953413852600444,,,PRUNED
107,107,0.7054473749075671,2021-02-23 00:52:12.912819,2021-02-23 00:53:25.557394,0 days 00:01:12.644575,0.0004220229266793047,100,0.9970559728277728,10.536157114503261,0.7084052255361104,0.7076657628789746,0.7054473749075671,PRUNED
108,108,0.7049543998028099,2021-02-23 00:53:25.557644,2021-02-23 00:54:38.353566,0 days 00:01:12.795922,0.0009798825243455328,90,0.992198571605831,12.828559360671075,0.7049543998028099,,,PRUNED
109,109,0.7085867177231483,2021-02-23 00:54:38.353797,2021-02-23 01:10:01.113682,0 days 00:15:22.759885,7.494974434121107e-05,20,0.9913564424364065,14.751733342710988,0.7093911757456248,0.7140744392408184,,COMPLETE
110,110,0.7054473749075671,2021-02-23 01:10:01.114332,2021-02-23 01:11:13.523247,0 days 00:01:12.408915,0.00044771236907504305,90,0.998469505488668,6.2481689648642265,0.7106236135075179,0.7121025388217895,0.7054473749075671,PRUNED
111,111,0.7047079122504314,2021-02-23 01:11:13.523492,2021-02-23 01:12:25.958726,0 days 00:01:12.435234,0.000542379965152924,90,0.9935533617327685,13.579361878908289,0.7047079122504314,,,PRUNED
112,112,0.7155353317106292,2021-02-23 01:12:25.958930,2021-02-23 01:27:44.268302,0 days 00:15:18.309372,9.15334441221886e-05,20,0.9914413023409554,17.59771134066533,0.7145674143455756,0.7153068770027113,,COMPLETE
113,113,0.707419275326596,2021-02-23 01:27:44.268940,2021-02-23 01:27:56.076051,0 days 00:00:11.807111,0.0005132428429249391,100,0.9980783147211201,5.799747491569596,0.707419275326596,,,PRUNED
114,114,0.7059403500123244,2021-02-23 01:27:56.076292,2021-02-23 01:28:07.997046,0 days 00:00:11.920754,0.0009085957341887643,90,0.9973687172800536,7.241212189415551,0.7059403500123244,,,PRUNED
115,115,0.7047079122504314,2021-02-23 01:28:07.997281,2021-02-23 01:28:19.683909,0 days 00:00:11.686628,0.0013083044669769067,100,0.9987481547738655,6.55279135808565,0.7047079122504314,,,PRUNED
116,116,0.7049543998028099,2021-02-23 01:28:19.684138,2021-02-23 01:29:29.579470,0 days 00:01:09.895332,0.00582804599924715,80,0.991064894037114,10.081091029822383,0.7049543998028099,,,PRUNED
117,117,0.6995316736504806,2021-02-23 01:29:29.579684,2021-02-23 01:29:41.327367,0 days 00:00:11.747683,0.00026018348496480896,90,0.9976012109821132,14.656063436305391,0.6995316736504806,,,PRUNED
118,118,0.7049543998028099,2021-02-23 01:29:41.327619,2021-02-23 01:29:52.986578,0 days 00:00:11.658959,0.01910811392720615,100,0.9967424193385294,5.264470962828998,0.7049543998028099,,,PRUNED
119,119,0.7042149371456742,2021-02-23 01:29:52.986812,2021-02-23 01:30:19.250849,0 days 00:00:26.264037,0.00011479650632875336,90,0.9980392301625458,8.062272017742602,0.719250677840769,0.7042149371456742,,PRUNED
120,120,0.7044614246980527,2021-02-23 01:30:19.251086,2021-02-23 01:30:45.491015,0 days 00:00:26.239929,6.565795807003452e-05,80,0.9971360829771087,7.248827049398425,0.7079122504313532,0.7044614246980527,,PRUNED
121,121,0.707419275326596,2021-02-23 01:30:45.491260,2021-02-23 01:30:57.062195,0 days 00:00:11.570935,0.0004143043484677733,100,0.998445677969472,4.193925001064972,0.707419275326596,,,PRUNED
122,122,0.7171732661314334,2021-02-23 01:30:57.062433,2021-02-23 01:45:47.962877,0 days 00:14:50.900444,0.00018356153894648366,100,0.9923737519214293,17.646679964269516,0.7106236135075179,0.7091446881932463,0.7093911757456248,COMPLETE
123,123,0.7032289869361598,2021-02-23 01:45:47.963567,2021-02-23 01:45:59.626808,0 days 00:00:11.663241,0.00017434885204152618,100,0.9924974801694598,16.5665717937397,0.7032289869361598,,,PRUNED
124,124,0.7069263002218388,2021-02-23 01:45:59.627044,2021-02-23 01:46:26.041399,0 days 00:00:26.414355,0.00022954800188229637,20,0.9914929885400399,17.1737143437766,0.7069263002218388,,,PRUNED
125,125,0.7042149371456742,2021-02-23 01:46:26.041635,2021-02-23 01:47:35.996700,0 days 00:01:09.955065,0.0004031175732289555,100,0.995047105858731,10.940865064025397,0.7042149371456742,,,PRUNED
126,126,0.7029824993837811,2021-02-23 01:47:35.996913,2021-02-23 01:48:46.253881,0 days 00:01:10.256968,7.094863408431893e-05,80,0.9934448534332653,18.61352306176137,0.7029824993837811,,,PRUNED
127,127,0.69435543505053,2021-02-23 01:48:46.254115,2021-02-23 01:48:57.959650,0 days 00:00:11.705535,0.0002644685077358642,100,0.9921743933921783,18.680295544951882,0.69435543505053,,,PRUNED
128,128,0.698052748336209,2021-02-23 01:48:57.959909,2021-02-23 01:49:24.256553,0 days 00:00:26.296644,9.035328789549268e-05,10,0.9905394875435309,17.711562219784025,0.698052748336209,,,PRUNED
129,129,0.7319678634953988,2021-02-23 01:49:24.256793,2021-02-23 02:04:12.682466,0 days 00:14:48.425673,0.0033573489668513997,60,0.9923541443962095,16.30011124490535,0.7049543998028099,,,COMPLETE
130,130,0.7054473749075671,2021-02-23 02:04:12.683147,2021-02-23 02:04:38.964286,0 days 00:00:26.281139,0.0006824664722229432,20,0.9928448612165556,15.872296537688955,0.7054473749075671,,,PRUNED
131,131,0.7289285807713043,2021-02-23 02:04:38.964501,2021-02-23 02:19:20.675753,0 days 00:14:41.711252,0.0014325409643114035,20,0.9906830604026378,13.95387087422463,0.7049543998028099,,,COMPLETE
132,132,0.6846835779259406,2021-02-23 02:19:20.676364,2021-02-23 02:34:03.721088,0 days 00:14:43.044724,1.816337533695347e-05,90,0.9935671166151142,11.37708245236209,0.7121025388217895,,,COMPLETE
133,133,0.7054473749075671,2021-02-23 02:34:03.721702,2021-02-23 02:35:13.230650,0 days 00:01:09.508948,0.00019999635144034205,90,0.9903480830462703,17.48873626879044,0.7093911757456248,0.7096376632980035,0.7054473749075671,PRUNED
134,134,0.6933694848410156,2021-02-23 02:35:13.230888,2021-02-23 02:35:24.868087,0 days 00:00:11.637199,0.0001386964240639363,90,0.9956727906973049,15.999484631565096,0.6933694848410156,,,PRUNED
135,135,0.7059403500123244,2021-02-23 02:35:24.868325,2021-02-23 02:35:50.946054,0 days 00:00:26.077729,6.42872202528949e-05,10,0.9921825200122198,15.069605451035315,0.7059403500123244,,,PRUNED
136,136,0.706186837564703,2021-02-23 02:35:50.946302,2021-02-23 02:36:02.685608,0 days 00:00:11.739306,0.00019324130535571053,80,0.9905728483158821,17.273761525719756,0.706186837564703,,,PRUNED
137,137,0.7007641114123737,2021-02-23 02:36:02.685812,2021-02-23 02:36:14.328826,0 days 00:00:11.643014,9.26170703148867e-05,90,0.990349924839028,18.08957427542804,0.7007641114123737,,,PRUNED
138,138,0.695587872812423,2021-02-23 02:36:14.329065,2021-02-23 02:36:40.366363,0 days 00:00:26.037298,4.1771844770105536e-05,30,0.9912626579774809,14.320120706481086,0.695587872812423,,,PRUNED
139,139,0.7019965491742667,2021-02-23 02:36:40.366600,2021-02-23 02:37:06.311836,0 days 00:00:25.945236,0.00011917844568146785,20,0.9907056004021593,13.037304569205869,0.7019965491742667,,,PRUNED
140,140,0.7002711363076165,2021-02-23 02:37:06.312072,2021-02-23 02:38:15.822622,0 days 00:01:09.510550,6.528943320066305e-05,10,0.9917444627018652,18.60515591269782,0.7081587379837319,0.7002711363076165,,PRUNED
141,141,0.7049543998028099,2021-02-23 02:38:15.822841,2021-02-23 02:38:27.480131,0 days 00:00:11.657290,0.0002994760930490615,60,0.9917792558829175,17.815799399574605,0.7049543998028099,,,PRUNED
142,142,0.7032289869361598,2021-02-23 02:38:27.480372,2021-02-23 02:38:53.521187,0 days 00:00:26.040815,6.62861534527769e-05,80,0.9919833956358843,14.726271104597327,0.7194971653931477,0.7032289869361598,,PRUNED
143,143,0.7029824993837811,2021-02-23 02:38:53.521457,2021-02-23 02:39:05.150799,0 days 00:00:11.629342,0.00043735508859614946,100,0.9961603240580499,10.271028491020534,0.7029824993837811,,,PRUNED
144,144,0.7064333251170816,2021-02-23 02:39:05.151061,2021-02-23 02:39:31.232090,0 days 00:00:26.081029,0.0002820623326138474,20,0.9901391429986233,16.69687429206978,0.7064333251170816,,,PRUNED
145,145,0.7066798126694602,2021-02-23 02:39:31.232332,2021-02-23 02:39:57.187803,0 days 00:00:25.955471,0.0006527666968983852,70,0.9989918541342011,6.479886956353755,0.7091446881932463,0.7066798126694602,,PRUNED
146,146,0.7044614246980527,2021-02-23 02:39:57.188067,2021-02-23 02:40:23.322630,0 days 00:00:26.134563,0.00022623115649366145,90,0.9937424038070755,15.883590084587892,0.7091446881932463,0.7044614246980527,,PRUNED
147,147,0.7034754744885383,2021-02-23 02:40:23.322844,2021-02-23 02:41:32.823902,0 days 00:01:09.501058,3.281550733074854e-05,30,0.9914389554012801,19.970064271989056,0.7106236135075179,0.7034754744885383,,PRUNED
148,148,0.706186837564703,2021-02-23 02:41:32.824160,2021-02-23 02:41:58.843765,0 days 00:00:26.019605,0.00036711992747237544,100,0.994778333238649,16.983424952323368,0.7076657628789746,0.706186837564703,,PRUNED
149,149,0.7039684495932955,2021-02-23 02:41:58.844003,2021-02-23 02:42:10.505076,0 days 00:00:11.661073,0.00016430415170598576,90,0.9931521501606002,9.153863854498315,0.7039684495932955,,,PRUNED
150,150,0.7064333251170816,2021-02-23 02:42:10.505305,2021-02-23 02:42:36.490341,0 days 00:00:25.985036,0.00012247154378889317,100,0.9912937078702388,19.193960545110386,0.713088489031304,0.7064333251170816,,PRUNED
151,151,0.7054473749075671,2021-02-23 02:42:36.490585,2021-02-23 02:42:48.122539,0 days 00:00:11.631954,0.0005002440572682368,90,0.9925925179273286,12.585621999967982,0.7054473749075671,,,PRUNED
152,152,0.7319678634953988,2021-02-23 02:42:48.122804,2021-02-23 02:57:29.922793,0 days 00:14:41.799989,0.002256093099695908,60,0.996892553965422,19.09279070506907,0.7049543998028099,,,COMPLETE
153,153,0.6923835346315012,2021-02-23 02:57:29.923429,2021-02-23 02:57:41.546995,0 days 00:00:11.623566,4.9309794713709105e-05,100,0.9909353812961621,7.555140839802297,0.6923835346315012,,,PRUNED
154,154,0.7047079122504314,2021-02-23 02:57:41.547244,2021-02-23 02:58:07.495609,0 days 00:00:25.948365,1.6880055473211336e-05,10,0.9911226117931082,11.783601713281264,0.7047079122504314,,,PRUNED
155,155,0.7066798126694602,2021-02-23 02:58:07.495858,2021-02-23 02:58:19.239562,0 days 00:00:11.743704,0.0003004997162922785,20,0.9928148249839943,5.722526868384373,0.7066798126694602,,,PRUNED
156,156,0.7272464379513128,2021-02-23 02:58:19.239781,2021-02-23 03:13:00.532329,0 days 00:14:41.292548,0.00022579298881706574,40,0.9916068229031623,16.785171495530093,0.7059403500123244,,,COMPLETE
157,157,0.7002711363076165,2021-02-23 03:13:00.532962,2021-02-23 03:13:12.215769,0 days 00:00:11.682807,0.00019578378130274032,100,0.9935774722475242,11.741687471036228,0.7002711363076165,,,PRUNED
158,158,0.7049543998028099,2021-02-23 03:13:12.216011,2021-02-23 03:14:21.805907,0 days 00:01:09.589896,0.0040818948021837725,70,0.9988701260921953,15.399275349820947,0.7049543998028099,,,PRUNED
159,159,0.7049543998028099,2021-02-23 03:14:21.806135,2021-02-23 03:14:47.856279,0 days 00:00:26.050144,0.009659805202990165,20,0.992370654492191,10.30362749978226,0.7049543998028099,,,PRUNED
160,160,0.7056938624599458,2021-02-23 03:14:47.856528,2021-02-23 03:14:59.431566,0 days 00:00:11.575038,0.0010585433452731257,70,0.995484791957345,18.600771366447987,0.7056938624599458,,,PRUNED
161,161,0.7064333251170816,2021-02-23 03:14:59.431793,2021-02-23 03:15:11.016069,0 days 00:00:11.584276,0.00037667320337317535,10,0.991681047920172,17.749068993539282,0.7064333251170816,,,PRUNED
162,162,0.6893086790953759,2021-02-23 03:15:11.016320,2021-02-23 03:29:52.785256,0 days 00:14:41.768936,5.185348212057382e-05,30,0.9900276650344833,14.58440860403066,0.7071727877742174,0.7133349765836825,,COMPLETE
163,163,0.7059403500123244,2021-02-23 03:29:52.785886,2021-02-23 03:30:04.371532,0 days 00:00:11.585646,0.000679790914171458,10,0.9904229112748206,8.410001172922135,0.7059403500123244,,,PRUNED
164,164,0.7069263002218388,2021-02-23 03:30:04.371786,2021-02-23 03:30:15.986274,0 days 00:00:11.614488,0.0005161402214086195,20,0.991582354838828,19.36311859072307,0.7069263002218388,,,PRUNED
165,165,0.7007641114123737,2021-02-23 03:30:15.986502,2021-02-23 03:30:27.660455,0 days 00:00:11.673953,0.00023115703690487942,10,0.9900404756930021,19.70478343083245,0.7007641114123737,,,PRUNED
166,166,0.7049543998028099,2021-02-23 03:30:27.660687,2021-02-23 03:30:39.140284,0 days 00:00:11.479597,0.00015054763580244355,20,0.9922171520919261,16.132875130454803,0.7049543998028099,,,PRUNED
167,167,0.6990202448444254,2021-02-23 03:30:39.140537,2021-02-23 03:45:20.688353,0 days 00:14:41.547816,1.0157163754128795e-05,10,0.9938111000833576,9.325192088859392,0.7108701010598965,0.7162928272122258,,COMPLETE
168,168,0.7319678634953988,2021-02-23 03:45:20.689001,2021-02-23 04:00:01.891137,0 days 00:14:41.202136,0.009689816131270651,70,0.9988885347701688,14.186487931816876,0.7049543998028099,,,COMPLETE
169,169,0.6973132856790732,2021-02-23 04:00:01.891763,2021-02-23 04:01:11.514234,0 days 00:01:09.622471,0.00011099050543966306,30,0.9907458300935573,4.829141577305894,0.7076657628789746,0.7081587379837319,0.6973132856790732,PRUNED
170,170,0.7260641040372005,2021-02-23 04:01:11.514485,2021-02-23 04:15:54.355414,0 days 00:14:42.840929,0.0015778892273879937,80,0.9917773869889839,16.146289893344495,0.7049543998028099,,,COMPLETE
171,171,0.7044614246980527,2021-02-23 04:15:54.356042,2021-02-23 04:16:20.499218,0 days 00:00:26.143176,0.000338014444281623,10,0.9914810894111915,13.427225858377765,0.7118560512694109,0.7044614246980527,,PRUNED
172,172,0.7319678634953988,2021-02-23 04:16:20.499449,2021-02-23 04:31:01.863361,0 days 00:14:41.363912,0.019448630328477108,70,0.9973464482281025,12.926063688910503,0.7049543998028099,,,COMPLETE
173,173,0.6954691334600837,2021-02-23 04:31:01.863989,2021-02-23 04:45:44.889667,0 days 00:14:43.025678,3.669138284982135e-05,90,0.9910631110793904,15.463276169701397,0.7199901404979049,0.7106236135075179,0.7076657628789746,COMPLETE
174,174,0.700517623859995,2021-02-23 04:45:44.890318,2021-02-23 04:46:54.602204,0 days 00:01:09.711886,2.2241148108697967e-05,90,0.994281745591529,15.487268143600083,0.7103771259551392,0.7116095637170323,0.700517623859995,PRUNED
175,175,0.6965738230219374,2021-02-23 04:46:54.602475,2021-02-23 04:47:06.211069,0 days 00:00:11.608594,5.666501507706703e-05,80,0.9911510701604784,14.966852684480115,0.6965738230219374,,,PRUNED
176,176,0.6820310574315998,2021-02-23 04:47:06.211319,2021-02-23 04:47:17.925532,0 days 00:00:11.714213,3.578842334376779e-05,90,0.9911439961395229,14.220213395692989,0.6820310574315998,,,PRUNED
177,177,0.7319678634953988,2021-02-23 04:47:17.925808,2021-02-23 05:02:00.005997,0 days 00:14:42.080189,0.009297901119654265,90,0.9955497560424258,18.049540375362596,0.7049543998028099,,,COMPLETE
178,178,0.6990386985457234,2021-02-23 05:02:00.006639,2021-02-23 05:03:09.400547,0 days 00:01:09.393908,1.1354603090624671e-05,10,0.993999806452136,9.022784162429005,0.7170322898693616,0.6990386985457234,,PRUNED
179,179,0.7042149371456742,2021-02-23 05:03:09.400805,2021-02-23 05:04:18.941223,0 days 00:01:09.540418,0.0006317462544810163,60,0.9928477484248565,8.87843326312123,0.7042149371456742,,,PRUNED
180,180,0.6990386985457234,2021-02-23 05:04:18.941447,2021-02-23 05:05:28.524488,0 days 00:01:09.583041,1.5627162593213048e-05,90,0.9918498792870366,6.318774205128541,0.7106236135075179,0.7088982006408676,0.6990386985457234,PRUNED
181,181,0.7319678634953988,2021-02-23 05:05:28.524738,2021-02-23 05:20:10.168963,0 days 00:14:41.644225,0.004552999106554806,100,0.9909628453439749,17.324373227609474,0.7049543998028099,,,COMPLETE
182,182,0.6990386985457234,2021-02-23 05:20:10.169597,2021-02-23 05:20:36.237343,0 days 00:00:26.067746,7.825442100364814e-05,100,0.990829767688611,16.960675481369897,0.7091446881932463,0.6990386985457234,,PRUNED
183,183,0.7002711363076165,2021-02-23 05:20:36.237603,2021-02-23 05:21:02.282317,0 days 00:00:26.044714,2.771515190673422e-05,10,0.9954518545998211,12.185293614102346,0.7002711363076165,,,PRUNED
184,184,0.706186837564703,2021-02-23 05:21:02.282574,2021-02-23 05:21:28.313287,0 days 00:00:26.030713,0.00010852654305234895,20,0.9918580003977479,13.407450002183161,0.706186837564703,,,PRUNED
185,185,0.7032289869361598,2021-02-23 05:21:28.313543,2021-02-23 05:21:39.900610,0 days 00:00:11.587067,0.00020754152689175348,80,0.990197080366145,7.010611750949262,0.7032289869361598,,,PRUNED
186,186,0.7319678634953988,2021-02-23 05:21:39.900855,2021-02-23 05:36:22.405488,0 days 00:14:42.504633,0.0025961046477620785,50,0.9952515021151913,15.40785742305701,0.7049543998028099,,,COMPLETE
187,187,0.707419275326596,2021-02-23 05:36:22.406124,2021-02-23 05:36:33.978536,0 days 00:00:11.572412,0.0002671554546230781,100,0.9963112468601464,18.31741755511519,0.707419275326596,,,PRUNED
188,188,0.7017500616218881,2021-02-23 05:36:33.978808,2021-02-23 05:36:45.575340,0 days 00:00:11.596532,9.995473361942896e-05,10,0.9905213374430593,15.616853504339044,0.7017500616218881,,,PRUNED
189,189,0.7012570865171309,2021-02-23 05:36:45.575603,2021-02-23 05:36:57.340405,0 days 00:00:11.764802,0.00017321861005069022,90,0.9977647670800409,14.301963366224113,0.7012570865171309,,,PRUNED
190,190,0.6997781612028593,2021-02-23 05:36:57.340634,2021-02-23 05:37:23.447286,0 days 00:00:26.106652,1.545367443636871e-05,10,0.9935380267000244,9.760150986356123,0.6997781612028593,,,PRUNED
191,191,0.6985457234409662,2021-02-23 05:37:23.447546,2021-02-23 05:37:49.617484,0 days 00:00:26.169938,3.045292335769642e-05,100,0.9923893393518867,16.48315796974467,0.7190041902883905,0.6985457234409662,,PRUNED
192,192,0.6889327088982007,2021-02-23 05:37:49.617764,2021-02-23 05:38:59.131236,0 days 00:01:09.513472,4.05053283731724e-05,20,0.9913548782635971,17.743894101476425,0.7091446881932463,0.7197436529455262,0.6889327088982007,PRUNED
193,193,0.707419275326596,2021-02-23 05:38:59.131465,2021-02-23 05:39:10.793008,0 days 00:00:11.661543,0.00038499932788774193,30,0.993959203757543,17.296932897222824,0.707419275326596,,,PRUNED
194,194,0.7069263002218388,2021-02-23 05:39:10.793282,2021-02-23 05:39:22.423977,0 days 00:00:11.630695,0.0008171849778437644,50,0.9970383516733887,7.672686610392192,0.7069263002218388,,,PRUNED
195,195,0.6822775449839783,2021-02-23 05:39:22.424220,2021-02-23 05:39:48.594224,0 days 00:00:26.170004,7.428685795937463e-05,20,0.9929470969396165,11.001478957419314,0.6822775449839783,,,PRUNED
196,196,0.706186837564703,2021-02-23 05:39:48.594478,2021-02-23 05:40:00.228140,0 days 00:00:11.633662,0.0006102149684275559,80,0.9984100090923055,9.26933126450822,0.706186837564703,,,PRUNED
197,197,0.7007641114123737,2021-02-23 05:40:00.228409,2021-02-23 05:40:26.264446,0 days 00:00:26.036037,2.5004080442626515e-05,40,0.9909030449541993,8.920304565831666,0.7007641114123737,,,PRUNED
198,198,0.7064333251170816,2021-02-23 05:40:26.264711,2021-02-23 05:40:52.241091,0 days 00:00:25.976380,0.00045306169103167805,70,0.9920015862068269,10.440868501098828,0.7079122504313532,0.7064333251170816,,PRUNED
199,199,0.7242432275894013,2021-02-23 05:40:52.241348,2021-02-23 05:55:35.705897,0 days 00:14:43.464549,0.0002780412685207141,90,0.9966954717813634,8.53792003122314,0.7076657628789746,0.713088489031304,0.7079122504313532,COMPLETE
200,200,0.7039684495932955,2021-02-23 05:55:35.706539,2021-02-23 05:55:47.478439,0 days 00:00:11.771900,0.0002958841839819343,90,0.997391453809349,8.60655720160281,0.7039684495932955,,,PRUNED
201,201,0.7012570865171309,2021-02-23 05:55:47.478723,2021-02-23 05:56:13.509609,0 days 00:00:26.030886,0.00013851837116729315,90,0.996621736960561,6.912405883367743,0.7111165886122751,0.7012570865171309,,PRUNED
202,202,0.7069263002218388,2021-02-23 05:56:13.509867,2021-02-23 05:56:25.119607,0 days 00:00:11.609740,0.00024055025147523212,100,0.9951048036706359,5.293475288358517,0.7069263002218388,,,PRUNED
203,203,0.732125302024899,2021-02-23 05:56:25.119867,2021-02-23 06:11:07.848133,0 days 00:14:42.728266,0.00031796866235430776,80,0.9982115146129497,11.353661312323412,0.7054473749075671,,,COMPLETE
204,204,0.7022430367266453,2021-02-23 06:11:07.848777,2021-02-23 06:12:17.573664,0 days 00:01:09.724887,0.00012544184273948397,30,0.9962860598065905,7.278974745824979,0.7190041902883905,0.7022430367266453,,PRUNED
205,205,0.6975597732314518,2021-02-23 06:12:17.573907,2021-02-23 06:12:29.266419,0 days 00:00:11.692512,0.00032225231828431636,90,0.9982236408340506,8.083208520444607,0.6975597732314518,,,PRUNED
206,206,0.707419275326596,2021-02-23 06:12:29.266686,2021-02-23 06:12:55.417966,0 days 00:00:26.151280,0.0001258962272689689,80,0.9959171008975461,16.83250094020526,0.7128420014789253,0.707419275326596,,PRUNED
207,207,0.707419275326596,2021-02-23 06:12:55.418234,2021-02-23 06:13:21.468257,0 days 00:00:26.050023,0.00016071383338286653,100,0.9910393086421173,9.543042706755509,0.7135814641360612,0.707419275326596,,PRUNED
208,208,0.7066798126694602,2021-02-23 06:13:21.468522,2021-02-23 06:13:33.074344,0 days 00:00:11.605822,0.000526059203326168,90,0.9969807200030592,9.89662836698173,0.7066798126694602,,,PRUNED
209,209,0.6990386985457234,2021-02-23 06:13:33.074641,2021-02-23 06:13:44.850028,0 days 00:00:11.775387,0.00010025711249644953,10,0.9928595261391455,0.9974846460350754,0.6990386985457234,,,PRUNED
210,210,0.7044614246980527,2021-02-23 06:13:44.850255,2021-02-23 06:14:10.824942,0 days 00:00:25.974687,0.0002106124687003806,90,0.9968247716986043,11.206615814357953,0.7079122504313532,0.7044614246980527,,PRUNED
211,211,0.6938624599457728,2021-02-23 06:14:10.825204,2021-02-23 06:14:36.803229,0 days 00:00:25.978025,1.0466208089205998e-05,20,0.9989854986021258,12.435333687945075,0.6938624599457728,,,PRUNED
212,212,0.7007641114123737,2021-02-23 06:14:36.803498,2021-02-23 06:15:02.901669,0 days 00:00:26.098171,5.8661219250800085e-05,10,0.9933214462430415,3.1826083353456003,0.7084052255361104,0.7007641114123737,,PRUNED
213,213,0.7054473749075671,2021-02-23 06:15:02.901941,2021-02-23 06:15:14.473025,0 days 00:00:11.571084,0.000443016817934485,90,0.9964141149592275,7.814713819289402,0.7054473749075671,,,PRUNED
214,214,0.7054473749075671,2021-02-23 06:15:14.473288,2021-02-23 06:15:26.081711,0 days 00:00:11.608423,0.0007359293094952495,100,0.9977099210948704,6.164614497477827,0.7054473749075671,,,PRUNED
215,215,0.7019965491742667,2021-02-23 06:15:26.081985,2021-02-23 06:15:52.183364,0 days 00:00:26.101379,0.0002012380280888649,10,0.9903426274794784,13.776057139066026,0.7019965491742667,,,PRUNED
216,216,0.706186837564703,2021-02-23 06:15:52.183610,2021-02-23 06:16:03.841593,0 days 00:00:11.657983,0.0002642886115683037,80,0.9975319298806938,8.364792183474563,0.706186837564703,,,PRUNED
217,217,0.7307065803443465,2021-02-23 06:16:03.841856,2021-02-23 06:30:47.831420,0 days 00:14:43.989564,0.0011765232577222045,100,0.9975266259750887,6.747228260632051,0.7052008873551886,,,COMPLETE
218,218,0.7069263002218388,2021-02-23 06:30:47.832085,2021-02-23 06:30:59.580620,0 days 00:00:11.748535,0.00035309875018290715,100,0.9953316673069879,19.97327651228515,0.7069263002218388,,,PRUNED
219,219,0.7071727877742174,2021-02-23 06:30:59.580891,2021-02-23 06:31:11.226672,0 days 00:00:11.645781,0.00039052990217770204,90,0.9989184331027562,8.913232890339247,0.7071727877742174,,,PRUNED
220,220,0.7032289869361598,2021-02-23 06:31:11.226937,2021-02-23 06:31:22.868533,0 days 00:00:11.641596,0.0001858179014679774,60,0.9945927790221201,10.066585314079116,0.7032289869361598,,,PRUNED
221,221,0.7052008873551886,2021-02-23 06:31:22.868802,2021-02-23 06:31:48.992913,0 days 00:00:26.124111,0.00023089085505943296,10,0.9926815573439107,10.917026220844974,0.7079122504313532,0.7052008873551886,,PRUNED
222,222,0.7015035740695095,2021-02-23 06:31:48.993192,2021-02-23 06:32:00.634142,0 days 00:00:11.640950,7.477714049048423e-05,20,0.9972186340095642,16.231290126233496,0.7015035740695095,,,PRUNED
223,223,0.703721962040917,2021-02-23 06:32:00.634405,2021-02-23 06:32:12.415168,0 days 00:00:11.780763,0.00028866689775669746,10,0.9930303029806881,2.2370052767739574,0.703721962040917,,,PRUNED
224,224,0.7034754744885383,2021-02-23 06:32:12.415450,2021-02-23 06:32:24.064943,0 days 00:00:11.649493,4.522062978184571e-05,20,0.9914948857560324,15.084617671713024,0.7034754744885383,,,PRUNED
225,225,0.7325662707410643,2021-02-23 06:32:24.065222,2021-02-23 06:47:07.576779,0 days 00:14:43.511557,0.00035593542906862247,80,0.9963727892519918,16.05340445176732,0.7054473749075671,,,COMPLETE
226,226,0.7024895242790239,2021-02-23 06:47:07.577431,2021-02-23 06:48:17.278781,0 days 00:01:09.701350,0.00015641162508432462,70,0.9963151205448458,15.073476840849032,0.7024895242790239,,,PRUNED
227,227,0.6958343603648016,2021-02-23 06:48:17.279069,2021-02-23 06:48:43.353725,0 days 00:00:26.074656,4.1845110437120484e-05,30,0.9950578044664758,11.714162031938187,0.6958343603648016,,,PRUNED
228,228,0.7024895242790239,2021-02-23 06:48:43.353976,2021-02-23 06:49:09.486874,0 days 00:00:26.132898,7.606039044501235e-05,20,0.9917471417288226,15.82327614176714,0.7024895242790239,,,PRUNED
229,229,0.7332381829852186,2021-02-23 06:49:09.487143,2021-02-23 07:03:52.415208,0 days 00:14:42.928065,0.0007177808789901505,80,0.996959732570414,17.001567610288173,0.7049543998028099,,,COMPLETE
230,230,0.6965738230219374,2021-02-23 07:03:52.415870,2021-02-23 07:04:04.073566,0 days 00:00:11.657696,0.00015391784094703341,10,0.9922664264924062,11.876607573138353,0.6965738230219374,,,PRUNED
231,231,0.7049543998028099,2021-02-23 07:04:04.073837,2021-02-23 07:04:15.715079,0 days 00:00:11.641242,0.000583665890693086,100,0.9920535892520914,19.01461388500021,0.7049543998028099,,,PRUNED
232,232,0.7047079122504314,2021-02-23 07:04:15.715345,2021-02-23 07:04:41.872194,0 days 00:00:26.156849,0.00011516445420315276,90,0.9926414708768617,7.35385857932739,0.7113630761646537,0.7047079122504314,,PRUNED
233,233,0.6773477939364062,2021-02-23 07:04:41.872477,2021-02-23 07:05:51.392883,0 days 00:01:09.520406,5.6776826711548075e-05,30,0.9900469152202473,14.758236183003946,0.7113630761646537,0.6773477939364062,,PRUNED
234,234,0.7019965491742667,2021-02-23 07:05:51.393139,2021-02-23 07:06:03.085452,0 days 00:00:11.692313,8.7077021653949e-05,80,0.9935654076256369,0.23470456683701446,0.7019965491742667,,,PRUNED
235,235,0.6992851860981021,2021-02-23 07:06:03.085729,2021-02-23 07:06:29.098202,0 days 00:00:26.012473,4.073705127569577e-05,40,0.9907969152284913,14.366737699984029,0.6992851860981021,,,PRUNED
236,236,0.7027360118314026,2021-02-23 07:06:29.098476,2021-02-23 07:06:40.676575,0 days 00:00:11.578099,0.0004911766490849853,40,0.9924554182154193,9.441594823758424,0.7027360118314026,,,PRUNED
237,237,0.7032289869361598,2021-02-23 07:06:40.676882,2021-02-23 07:06:52.301107,0 days 00:00:11.624225,0.00018564387241103077,100,0.9906632910294715,8.195512123437998,0.7032289869361598,,,PRUNED
238,238,0.7000246487552378,2021-02-23 07:06:52.301402,2021-02-23 07:07:18.590884,0 days 00:00:26.289482,4.914205420541196e-05,30,0.9912424968096615,17.82322552000282,0.7000246487552378,,,PRUNED
239,239,0.7066798126694602,2021-02-23 07:07:18.591154,2021-02-23 07:07:44.667490,0 days 00:00:26.076336,0.0004323467131629744,20,0.9941011669447252,4.108203544820133,0.7108701010598965,0.7066798126694602,,PRUNED
240,240,0.706186837564703,2021-02-23 07:07:44.667758,2021-02-23 07:07:56.256804,0 days 00:00:11.589046,0.0003217368948316868,30,0.9945194213750352,15.70800985910526,0.706186837564703,,,PRUNED
241,241,0.7156337554225558,2021-02-23 07:07:56.257075,2021-02-23 07:22:39.302966,0 days 00:14:43.045891,0.00015025838330359675,10,0.9902140352916511,15.257660724105353,0.7086517130884891,0.7118560512694109,,COMPLETE
242,242,0.7032751864116473,2021-02-23 07:22:39.303621,2021-02-23 07:37:22.264823,0 days 00:14:42.961202,2.7231049530047467e-05,20,0.994828978179183,6.636763905221323,0.7086517130884891,0.7086517130884891,0.7079122504313532,COMPLETE
243,243,0.7319281210487485,2021-02-23 07:37:22.265475,2021-02-23 07:52:05.870539,0 days 00:14:43.605064,0.0007889050272464688,90,0.9970204140991914,19.24558975432499,0.7049543998028099,,,COMPLETE
244,244,0.696902356248035,2021-02-23 07:52:05.871255,2021-02-23 08:06:49.119878,0 days 00:14:43.248623,1.913780477813104e-05,20,0.9949126549800597,7.048849143566576,0.7093911757456248,0.7121025388217895,0.7079122504313532,COMPLETE
245,245,0.7049543998028099,2021-02-23 08:06:49.120551,2021-02-23 08:07:00.754706,0 days 00:00:11.634155,1.3575384569101078e-05,20,0.9944184989803374,6.580169488304028,0.7049543998028099,,,PRUNED
246,246,0.7012570865171309,2021-02-23 08:07:00.754975,2021-02-23 08:07:12.451372,0 days 00:00:11.696397,2.0315651107740953e-05,20,0.9948939141794509,5.3678973939149435,0.7012570865171309,,,PRUNED
247,247,0.7059403500123244,2021-02-23 08:07:12.451666,2021-02-23 08:07:24.038395,0 days 00:00:11.586729,1.855728396655563e-05,30,0.995433116521256,5.9852339981227605,0.7059403500123244,,,PRUNED
248,248,0.7069263002218388,2021-02-23 08:07:24.038670,2021-02-23 08:07:35.528079,0 days 00:00:11.489409,2.508553456331634e-05,20,0.9947519644525803,7.081146558587127,0.7069263002218388,,,PRUNED
249,249,0.7059403500123244,2021-02-23 08:07:35.528370,2021-02-23 08:07:47.145654,0 days 00:00:11.617284,3.433505734832607e-05,10,0.9950741067336075,7.906319354925007,0.7059403500123244,,,PRUNED
250,250,0.7022430367266453,2021-02-23 08:07:47.145928,2021-02-23 08:07:58.753298,0 days 00:00:11.607370,2.89772346172003e-05,20,0.9946814034076563,6.782231259457717,0.7022430367266453,,,PRUNED
251,251,0.7044614246980527,2021-02-23 08:07:58.753553,2021-02-23 08:09:08.222634,0 days 00:01:09.469081,0.00017629043267584115,10,0.9942416520251119,16.08814595279825,0.7081587379837319,0.7044614246980527,,PRUNED
252,252,0.7313467106441763,2021-02-23 08:09:08.222880,2021-02-23 08:23:51.015584,0 days 00:14:42.792704,0.0006213529507455275,80,0.9983497984998032,17.506203086922223,0.7049543998028099,,,COMPLETE
253,253,0.6871111383752143,2021-02-23 08:23:51.016266,2021-02-23 08:38:34.086158,0 days 00:14:43.069892,1.1576556232143755e-05,20,0.9939224028149718,8.819918569682995,0.7111165886122751,0.7150603894503328,0.7207296031550406,COMPLETE
254,254,0.700517623859995,2021-02-23 08:38:34.086827,2021-02-23 08:38:45.838504,0 days 00:00:11.751677,1.0967243065374504e-05,20,0.9939961801807804,8.918346389444716,0.700517623859995,,,PRUNED
255,255,0.7279706616044866,2021-02-23 08:38:45.838776,2021-02-23 08:53:28.701453,0 days 00:14:42.862677,0.0020649307675025784,90,0.9958159166339133,13.565502951918738,0.7056938624599458,,,COMPLETE
256,256,0.7047079122504314,2021-02-23 08:53:28.702125,2021-02-23 08:54:38.171389,0 days 00:01:09.469264,9.434117047029391e-05,10,0.9903223153139842,13.023824475495157,0.7128420014789253,0.7047079122504314,,PRUNED
257,257,0.7066798126694602,2021-02-23 08:54:38.171676,2021-02-23 08:55:04.249686,0 days 00:00:26.078010,1.1926440032685928e-05,20,0.9943052504385936,7.599915279456365,0.7076657628789746,0.7066798126694602,,PRUNED
258,258,0.7032289869361598,2021-02-23 08:55:04.249958,2021-02-23 08:56:13.809849,0 days 00:01:09.559891,0.0011949468516740838,70,0.9978084850458699,1.9461953571159913,0.7032289869361598,,,PRUNED
259,259,0.7010105989647523,2021-02-23 08:56:13.810111,2021-02-23 08:56:25.394217,0 days 00:00:11.584106,1.88715673874396e-05,20,0.995916932671677,8.679312757121183,0.7010105989647523,,,PRUNED
260,260,0.7039684495932955,2021-02-23 08:56:25.394510,2021-02-23 08:56:36.947618,0 days 00:00:11.553108,2.3000906034593193e-05,30,0.9949221764999273,5.598882872547595,0.7039684495932955,,,PRUNED
261,261,0.7069263002218388,2021-02-23 08:56:36.947916,2021-02-23 08:56:48.545854,0 days 00:00:11.597938,1.609728494994726e-05,20,0.9938489648135224,6.47964786819286,0.7069263002218388,,,PRUNED
262,262,0.7321479576247982,2021-02-23 08:56:48.546140,2021-02-23 09:11:31.513125,0 days 00:14:42.966985,0.0007827931732799242,20,0.9947923717430451,14.479441209260205,0.7049543998028099,,,COMPLETE
263,263,0.7024895242790239,2021-02-23 09:11:31.513797,2021-02-23 09:11:43.179635,0 days 00:00:11.665838,1.3361284877714371e-05,90,0.9961072016679207,7.325916375980974,0.7024895242790239,,,PRUNED
264,264,0.707419275326596,2021-02-23 09:11:43.179911,2021-02-23 09:12:52.729410,0 days 00:01:09.549499,0.00014717828810235337,20,0.9937482770717811,15.197385785296657,0.7084052255361104,0.707419275326596,,PRUNED
265,265,0.7056938624599458,2021-02-23 09:12:52.729679,2021-02-23 09:13:18.710584,0 days 00:00:25.980905,0.00028984631192992066,10,0.9982793628852801,19.368213668045023,0.7056938624599458,,,PRUNED
266,266,0.698052748336209,2021-02-23 09:13:18.710873,2021-02-23 09:14:28.194808,0 days 00:01:09.483935,1.4115696527725623e-05,20,0.9920425099675743,16.687485264093183,0.707419275326596,0.698052748336209,,PRUNED
267,267,0.7042149371456742,2021-02-23 09:14:28.195059,2021-02-23 09:14:54.250197,0 days 00:00:26.055138,0.0002507384497728894,30,0.9956600133677102,13.30871162073539,0.7086517130884891,0.7042149371456742,,PRUNED
268,268,0.7319678634953988,2021-02-23 09:14:54.250475,2021-02-23 09:29:35.471534,0 days 00:14:41.221059,0.0036176384784244535,10,0.9901856915190513,17.0163121804686,0.7049543998028099,,,COMPLETE
269,269,0.7309350017059743,2021-02-23 09:29:35.472197,2021-02-23 09:44:41.235750,0 days 00:15:05.763553,0.0005068840400597737,60,0.9968416895937874,18.17675658260289,0.7049543998028099,,,COMPLETE
270,270,0.7052008873551886,2021-02-23 09:44:41.236454,2021-02-23 09:44:53.430365,0 days 00:00:12.193911,3.16024194222877e-05,100,0.9969103273781513,9.727867000100709,0.7052008873551886,,,PRUNED
271,271,0.6938624599457728,2021-02-23 09:44:53.430664,2021-02-23 09:45:05.485673,0 days 00:00:12.055009,0.00013261362001909158,10,0.9917953464483933,17.53820471684674,0.6938624599457728,,,PRUNED
272,272,0.7052008873551886,2021-02-23 09:45:05.485959,2021-02-23 09:45:32.582356,0 days 00:00:27.096397,2.5154789673300633e-05,10,0.9934514710579233,18.14511993413229,0.7076657628789746,0.7052008873551886,,PRUNED
273,273,0.7039684495932955,2021-02-23 09:45:32.582668,2021-02-23 09:45:44.674879,0 days 00:00:12.092211,3.9429398006517167e-05,10,0.9930302197274958,4.718403318611017,0.7039684495932955,,,PRUNED
274,274,0.7049543998028099,2021-02-23 09:45:44.675166,2021-02-23 09:45:56.746386,0 days 00:00:12.071220,0.00038388065308986394,20,0.9937655968166855,8.431699895369201,0.7049543998028099,,,PRUNED
275,275,0.6982992358885877,2021-02-23 09:45:56.746668,2021-02-23 09:46:08.755587,0 days 00:00:12.008919,0.00020128973335044334,90,0.9965611113730027,14.16230445737549,0.6982992358885877,,,PRUNED
276,276,0.700517623859995,2021-02-23 09:46:08.755878,2021-02-23 09:47:21.165567,0 days 00:01:12.409689,0.0002812240175185586,10,0.9943497894999668,9.216932776621563,0.7088982006408676,0.707419275326596,0.700517623859995,PRUNED
277,277,0.7322492042820357,2021-02-23 09:47:21.165838,2021-02-23 10:02:41.256455,0 days 00:15:20.090617,0.000414984452115524,80,0.9960679783541827,15.830102958358733,0.7052008873551886,,,COMPLETE
278,278,0.7334502270641723,2021-02-23 10:02:41.257153,2021-02-23 10:18:01.522756,0 days 00:15:20.265603,0.0002708707833352493,90,0.9965721097866538,16.665966246788155,0.7052008873551886,,,COMPLETE
279,279,0.7049543998028099,2021-02-23 10:18:01.523470,2021-02-23 10:18:28.738951,0 days 00:00:27.215481,0.0004719595791940071,10,0.9923966609501474,10.719580652757937,0.7049543998028099,,,PRUNED
280,280,0.7039684495932955,2021-02-23 10:18:28.739246,2021-02-23 10:18:56.138459,0 days 00:00:27.399213,0.00015804377968871853,20,0.9941341192593001,7.8877244365504895,0.7128420014789253,0.7039684495932955,,PRUNED
281,281,0.7002711363076165,2021-02-23 10:18:56.138771,2021-02-23 10:19:08.249622,0 days 00:00:12.110851,0.00022348095767368834,100,0.9913039953031704,10.578816356064873,0.7002711363076165,,,PRUNED
282,282,0.6933694848410156,2021-02-23 10:19:08.249904,2021-02-23 10:20:20.640336,0 days 00:01:12.390432,4.9463098556239806e-05,90,0.9908300892437489,16.68762292670879,0.7096376632980035,0.709884150850382,0.6933694848410156,PRUNED
283,283,0.6953413852600444,2021-02-23 10:20:20.640662,2021-02-23 10:21:33.103392,0 days 00:01:12.462730,5.284802980466468e-05,20,0.9906665800193106,14.138939458397118,0.7202366280502834,0.6953413852600444,,PRUNED
284,284,0.7315756784167947,2021-02-23 10:21:33.103690,2021-02-23 10:36:53.013344,0 days 00:15:19.909654,0.00030159167346937064,100,0.9983710544950376,19.854975804314968,0.7049543998028099,,,COMPLETE
285,285,0.7039684495932955,2021-02-23 10:36:53.014039,2021-02-23 10:37:20.345543,0 days 00:00:27.331504,0.000350944309117463,10,0.9952375315581176,15.879120812280805,0.7086517130884891,0.7039684495932955,,PRUNED
286,286,0.6804087048440215,2021-02-23 10:37:20.345837,2021-02-23 10:52:28.474880,0 days 00:15:08.129043,3.072264596788053e-05,30,0.990214793875896,13.396579361918523,0.7081587379837319,0.7133349765836825,,COMPLETE
287,287,0.7003334674073134,2021-02-23 10:52:28.475599,2021-02-23 11:07:48.141719,0 days 00:15:19.666120,0.00011465497995143105,90,0.9940415680650996,16.56524587928995,0.7054473749075671,,,COMPLETE
288,288,0.7056938624599458,2021-02-23 11:07:48.142411,2021-02-23 11:08:15.453340,0 days 00:00:27.310929,0.00018202534981186344,20,0.9910937924747828,14.852580098569783,0.7091446881932463,0.7056938624599458,,PRUNED
289,289,0.6995316736504806,2021-02-23 11:08:15.453623,2021-02-23 11:09:27.504672,0 days 00:01:12.051049,7.974303996999678e-05,20,0.9910303891780295,17.402280925905853,0.7081587379837319,0.6995316736504806,,PRUNED
290,290,0.6807186392275303,2021-02-23 11:09:27.504979,2021-02-23 11:24:46.287265,0 days 00:15:18.782286,5.968448923874526e-05,40,0.9912564500631459,14.79864251080862,0.7140744392408184,0.7308355928025635,,COMPLETE
291,291,0.7071727877742174,2021-02-23 11:24:46.287959,2021-02-23 11:25:13.376204,0 days 00:00:27.088245,0.00012133384422293932,10,0.9900208369702544,12.3071493489334,0.7071727877742174,,,PRUNED
292,292,0.7069263002218388,2021-02-23 11:25:13.376535,2021-02-23 11:25:40.499076,0 days 00:00:27.122541,0.0005719841189231882,20,0.9945652756997557,6.945213817288228,0.7081587379837319,0.7069263002218388,,PRUNED
293,293,0.7010105989647523,2021-02-23 11:25:40.499429,2021-02-23 11:26:07.667944,0 days 00:00:27.168515,2.1086728560449296e-05,30,0.9905521549065291,10.207070103956777,0.7010105989647523,,,PRUNED
294,294,0.7312343538008357,2021-02-23 11:26:07.668227,2021-02-23 11:41:27.593082,0 days 00:15:19.924855,0.0002562290189472172,90,0.997089340970294,18.875293997426283,0.7066798126694602,,,COMPLETE
295,295,0.703721962040917,2021-02-23 11:41:27.593807,2021-02-23 11:41:54.842029,0 days 00:00:27.248222,0.00047553203245630265,20,0.9948790603172757,6.081403179064403,0.7106236135075179,0.703721962040917,,PRUNED
296,296,0.7042149371456742,2021-02-23 11:41:54.842335,2021-02-23 11:42:21.914132,0 days 00:00:27.071797,0.0009391616823606519,20,0.9967147964550715,7.493458472917372,0.7079122504313532,0.7042149371456742,,PRUNED
297,297,0.6992851860981021,2021-02-23 11:42:21.914416,2021-02-23 11:42:34.029812,0 days 00:00:12.115396,1.0011297468812432e-05,10,0.9979571564508388,18.63309310448173,0.6992851860981021,,,PRUNED
298,298,0.7071727877742174,2021-02-23 11:42:34.030171,2021-02-23 11:43:01.152466,0 days 00:00:27.122295,0.00010070789926562705,20,0.9914818753492878,11.741671456586769,0.7071727877742174,,,PRUNED
299,299,0.7047079122504314,2021-02-23 11:43:01.152746,2021-02-23 11:43:13.174082,0 days 00:00:12.021336,0.0004273453164768052,20,0.9904709784914698,17.16108178760505,0.7047079122504314,,,PRUNED
300,300,0.726906481279425,2021-02-23 11:43:13.174415,2021-02-23 11:58:32.456774,0 days 00:15:19.282359,0.0011202127369641793,100,0.9975444909629164,17.955151603487483,0.7049543998028099,,,COMPLETE
301,301,0.7044614246980527,2021-02-23 11:58:32.457469,2021-02-23 11:58:44.520314,0 days 00:00:12.062845,0.0007045148144404568,100,0.9950510584923408,6.341547675832248,0.7044614246980527,,,PRUNED
302,302,0.7069263002218388,2021-02-23 11:58:44.520653,2021-02-23 11:58:56.604218,0 days 00:00:12.083565,0.0002780127610149349,30,0.9916205625453659,5.7385032445953525,0.7069263002218388,,,PRUNED
303,303,0.7064333251170816,2021-02-23 11:58:56.604559,2021-02-23 12:00:08.960132,0 days 00:01:12.355573,0.00014420714151257288,10,0.9931387856718412,15.701223138617909,0.7093911757456248,0.7064333251170816,,PRUNED
304,304,0.7059403500123244,2021-02-23 12:00:08.960435,2021-02-23 12:00:21.035876,0 days 00:00:12.075441,2.712838774002027e-05,40,0.9932487713322642,8.82611762503315,0.7059403500123244,,,PRUNED
305,305,0.7064333251170816,2021-02-23 12:00:21.036199,2021-02-23 12:00:33.088892,0 days 00:00:12.052693,0.00032735952182708094,90,0.9901400186500372,15.386798442097755,0.7064333251170816,,,PRUNED
306,306,0.7042149371456742,2021-02-23 12:00:33.089180,2021-02-23 12:01:00.240574,0 days 00:00:27.151394,0.00036371568157309936,20,0.9910665657550188,18.14499928040134,0.7042149371456742,,,PRUNED
307,307,0.7022430367266453,2021-02-23 12:01:00.240912,2021-02-23 12:01:27.424537,0 days 00:00:27.183625,4.682080211260897e-05,10,0.9916382340452122,12.955280775427953,0.7022430367266453,,,PRUNED
308,308,0.7047079122504314,2021-02-23 12:01:27.424833,2021-02-23 12:01:39.482672,0 days 00:00:12.057839,0.0001419709469705773,70,0.9921583494837938,10.144728457389105,0.7047079122504314,,,PRUNED
309,309,0.7002711363076165,2021-02-23 12:01:39.483010,2021-02-23 12:01:51.506627,0 days 00:00:12.023617,3.237907195008899e-05,90,0.9946985925368798,15.377059676049365,0.7002711363076165,,,PRUNED
310,310,0.7047079122504314,2021-02-23 12:01:51.506921,2021-02-23 12:02:18.712266,0 days 00:00:27.205345,6.627091171888207e-05,40,0.9912768304493405,14.54226028504412,0.7047079122504314,,,PRUNED
311,311,0.6950948977076657,2021-02-23 12:02:18.712543,2021-02-23 12:02:30.677154,0 days 00:00:11.964611,1.9825490784610567e-05,90,0.9941688034937713,19.494292981097704,0.6950948977076657,,,PRUNED
312,312,0.7044614246980527,2021-02-23 12:02:30.677463,2021-02-23 12:02:57.801598,0 days 00:00:27.124135,2.184098923820862e-05,90,0.9943988513549196,16.30057013008288,0.7133349765836825,0.7044614246980527,,PRUNED
313,313,0.6918905595267439,2021-02-23 12:02:57.801921,2021-02-23 12:03:09.883821,0 days 00:00:12.081900,1.4991508574783658e-05,80,0.994487556793301,8.044142697450598,0.6918905595267439,,,PRUNED
314,314,0.7044614246980527,2021-02-23 12:03:09.884149,2021-02-23 12:03:21.961967,0 days 00:00:12.077818,3.949594332141261e-05,90,0.9939703893370889,6.783113151653936,0.7044614246980527,,,PRUNED
315,315,0.7056938624599458,2021-02-23 12:03:21.962284,2021-02-23 12:03:48.998760,0 days 00:00:27.036476,6.194414991748553e-05,40,0.9907979156302014,15.235022114310922,0.7056938624599458,,,PRUNED
316,316,0.7069263002218388,2021-02-23 12:03:48.999088,2021-02-23 12:04:01.266682,0 days 00:00:12.267594,0.0005445339269183853,100,0.9928345290818742,14.343830614700433,0.7069263002218388,,,PRUNED
317,317,0.7022430367266453,2021-02-23 12:04:01.266953,2021-02-23 12:04:28.405225,0 days 00:00:27.138272,3.3989582419913095e-05,30,0.9903748833118922,16.61362019216816,0.7022430367266453,,,PRUNED
318,318,0.7247997897312983,2021-02-23 12:04:28.405534,2021-02-23 12:19:45.633098,0 days 00:15:17.227564,0.0001724557760106794,80,0.9959153914177605,12.509680582766476,0.7056938624599458,,,COMPLETE
319,319,0.7056938624599458,2021-02-23 12:19:45.633804,2021-02-23 12:19:57.776802,0 days 00:00:12.142998,0.0003803133907841679,80,0.9971817346651841,7.189794931577829,0.7056938624599458,,,PRUNED
320,320,0.7039684495932955,2021-02-23 12:19:57.777130,2021-02-23 12:20:09.772789,0 days 00:00:11.995659,0.0002334164451716311,20,0.9955385541397291,15.855279812252498,0.7039684495932955,,,PRUNED
321,321,0.7052008873551886,2021-02-23 12:20:09.773123,2021-02-23 12:20:21.807357,0 days 00:00:12.034234,0.0003072674617211013,10,0.9952965615666192,9.218593543725827,0.7052008873551886,,,PRUNED
322,322,0.7032289869361598,2021-02-23 12:20:21.807684,2021-02-23 12:20:48.790003,0 days 00:00:26.982319,0.000256520199495985,10,0.9943088022016853,9.188950534802803,0.7079122504313532,0.7032289869361598,,PRUNED
323,323,0.7042149371456742,2021-02-23 12:20:48.790315,2021-02-23 12:21:16.030759,0 days 00:00:27.240444,8.211119025459249e-05,50,0.9919803329141961,13.913627400675779,0.7042149371456742,,,PRUNED
324,324,0.7261621486407431,2021-02-23 12:21:16.031024,2021-02-23 12:36:35.860915,0 days 00:15:19.829891,0.0018321605273737569,40,0.996696178456291,13.215504104152767,0.7056938624599458,,,COMPLETE
325,325,0.7010105989647523,2021-02-23 12:36:35.861621,2021-02-23 12:36:47.948162,0 days 00:00:12.086541,0.00046183597573872773,10,0.9943408261262239,8.499998884983363,0.7010105989647523,,,PRUNED
326,326,0.7132263555402272,2021-02-23 12:36:47.948518,2021-02-23 12:52:07.144100,0 days 00:15:19.195582,0.00021687068077608468,40,0.9914381018854104,9.201869511756199,0.7138279516884397,0.7111165886122751,,COMPLETE
327,327,0.7049543998028099,2021-02-23 12:52:07.144818,2021-02-23 12:53:19.567331,0 days 00:01:12.422513,0.0008576147723953805,90,0.9954580345569963,14.919288438373227,0.7049543998028099,,,PRUNED
328,328,0.7066798126694602,2021-02-23 12:53:19.567608,2021-02-23 12:53:31.649090,0 days 00:00:12.081482,1.7525760653801193e-05,10,0.9947185464470824,9.771854074773442,0.7066798126694602,,,PRUNED
329,329,0.7049543998028099,2021-02-23 12:53:31.649431,2021-02-23 12:53:43.791390,0 days 00:00:12.141959,0.005612177376822223,10,0.9936908901281543,15.099369022998768,0.7049543998028099,,,PRUNED
330,330,0.7022430367266453,2021-02-23 12:53:43.791683,2021-02-23 12:53:55.854884,0 days 00:00:12.063201,0.00010574526072101881,20,0.9938691604132535,1.4385287513685434,0.7022430367266453,,,PRUNED
331,331,0.7308833182649328,2021-02-23 12:53:55.855203,2021-02-23 13:09:15.091052,0 days 00:15:19.235849,0.0029260691711111607,50,0.994686202942916,12.03557887573362,0.7052008873551886,,,COMPLETE
332,332,0.7069263002218388,2021-02-23 13:09:15.091794,2021-02-23 13:09:42.273916,0 days 00:00:27.182122,0.00018694913163973416,40,0.9921330552186968,9.264777053128844,0.7069263002218388,,,PRUNED
333,333,0.7163564603874496,2021-02-23 13:09:42.274238,2021-02-23 13:25:01.405719,0 days 00:15:19.131481,0.0002338225723809107,50,0.9925335612685992,11.230203117075199,0.7076657628789746,0.7081587379837319,,COMPLETE
334,334,0.7059403500123244,2021-02-23 13:25:01.406425,2021-02-23 13:26:14.026255,0 days 00:01:12.619830,0.000253197301511743,50,0.9927060526165347,8.216132742244774,0.7084052255361104,0.7059403500123244,,PRUNED
335,335,0.7044614246980527,2021-02-23 13:26:14.026589,2021-02-23 13:26:40.576693,0 days 00:00:26.550104,0.000578888256743566,60,0.9924260875960256,6.897405598524738,0.7044614246980527,,,PRUNED
336,336,0.7069263002218388,2021-02-23 13:26:40.576981,2021-02-23 13:26:52.522782,0 days 00:00:11.945801,0.00020385557019029547,100,0.9974368398073596,7.752749875984576,0.7069263002218388,,,PRUNED
337,337,0.7076657628789746,2021-02-23 13:26:52.523119,2021-02-23 13:28:05.001882,0 days 00:01:12.478763,0.0002892701520852279,90,0.9987054672470037,9.539989819120475,0.7138279516884397,0.7103771259551392,0.7076657628789746,PRUNED
338,338,0.7000246487552378,2021-02-23 13:28:05.002220,2021-02-23 13:28:17.172290,0 days 00:00:12.170070,2.286586141438267e-05,90,0.9934757547856011,16.54692997322899,0.7000246487552378,,,PRUNED
339,339,0.7052008873551886,2021-02-23 13:28:17.172665,2021-02-23 13:28:44.394682,0 days 00:00:27.222017,0.0002225799838945414,50,0.9916840800030997,8.66202646251663,0.7052008873551886,,,PRUNED
340,340,0.7054473749075671,2021-02-23 13:28:44.394981,2021-02-23 13:28:56.440327,0 days 00:00:12.045346,0.00028880566338792494,10,0.998639499587268,9.60015335727055,0.7054473749075671,,,PRUNED
341,341,0.7049543998028099,2021-02-23 13:28:56.440676,2021-02-23 13:30:08.703371,0 days 00:01:12.262695,0.00044847813297019967,80,0.9964533939292051,16.07419171816044,0.7049543998028099,,,PRUNED
342,342,0.7017500616218881,2021-02-23 13:30:08.703724,2021-02-23 13:30:36.018359,0 days 00:00:27.314635,0.0004036677021751924,90,0.9982094589058361,6.63007706897358,0.718018240078876,0.7017500616218881,,PRUNED
343,343,0.6896721715553364,2021-02-23 13:30:36.018701,2021-02-23 13:30:48.193380,0 days 00:00:12.174679,0.00015657067909873149,90,0.9983770142911066,10.37147475196171,0.6896721715553364,,,PRUNED
344,344,0.7049543998028099,2021-02-23 13:30:48.193700,2021-02-23 13:31:15.439042,0 days 00:00:27.245342,0.0003128975080807859,60,0.9914177791637413,9.997962031971824,0.7049543998028099,,,PRUNED
345,345,0.6938624599457728,2021-02-23 13:31:15.439393,2021-02-23 13:32:27.752916,0 days 00:01:12.313523,0.00016500263510604325,40,0.9922280735762558,11.440488862675686,0.7116095637170323,0.6938624599457728,,PRUNED
346,346,0.7064333251170816,2021-02-23 13:32:27.753236,2021-02-23 13:32:39.753327,0 days 00:00:12.000091,0.0003496271283652275,90,0.9940791398715358,8.909567212446351,0.7064333251170816,,,PRUNED
347,347,0.6970667981266946,2021-02-23 13:32:39.753652,2021-02-23 13:33:06.866482,0 days 00:00:27.112830,0.00011100713679763015,30,0.9918487828482534,5.620526976303164,0.6970667981266946,,,PRUNED
348,348,0.7044614246980527,2021-02-23 13:33:06.866797,2021-02-23 13:33:18.964700,0 days 00:00:12.097903,0.00025852511662434414,100,0.9945615088961286,10.979143002298024,0.7044614246980527,,,PRUNED
349,349,0.7049543998028099,2021-02-23 13:33:18.965039,2021-02-23 13:34:31.441474,0 days 00:01:12.476435,0.0006374416290435025,80,0.9965369593161709,16.944736232280803,0.7049543998028099,,,PRUNED
350,350,0.7049543998028099,2021-02-23 13:34:31.441817,2021-02-23 13:34:43.494580,0 days 00:00:12.052763,0.0001727283497029448,90,0.9942287514128206,9.345988182321749,0.7049543998028099,,,PRUNED
351,351,0.7042149371456742,2021-02-23 13:34:43.494899,2021-02-23 13:35:10.703979,0 days 00:00:27.209080,2.843464149203719e-05,20,0.9989951100125443,8.210886998761183,0.7076657628789746,0.7042149371456742,,PRUNED
352,352,0.7069263002218388,2021-02-23 13:35:10.704319,2021-02-23 13:35:37.925341,0 days 00:00:27.221022,0.000131898975820273,50,0.9926310485215667,12.031465510402253,0.7069263002218388,,,PRUNED
353,353,0.7032289869361598,2021-02-23 13:35:37.925651,2021-02-23 13:36:50.199710,0 days 00:01:12.274059,0.00021566552454088976,90,0.998673781005197,7.523851722760247,0.7088982006408676,0.7103771259551392,0.7032289869361598,PRUNED
354,354,0.7323009520256059,2021-02-23 13:36:50.200044,2021-02-23 13:52:09.654733,0 days 00:15:19.454689,0.00022288376389097242,90,0.9980180295449491,15.518868293713838,0.7071727877742174,,,COMPLETE
355,355,0.7087132377961903,2021-02-23 13:52:09.655452,2021-02-23 14:07:30.540059,0 days 00:15:20.884607,8.430318509876723e-05,70,0.9950553681557045,16.4615215112761,0.7052008873551886,,,COMPLETE
356,356,0.7071727877742174,2021-02-23 14:07:30.540808,2021-02-23 14:07:42.694152,0 days 00:00:12.153344,0.00012179097242228668,90,0.998818227459696,7.235692206540916,0.7071727877742174,,,PRUNED
357,357,0.7029824993837811,2021-02-23 14:07:42.694498,2021-02-23 14:07:54.885987,0 days 00:00:12.191489,0.00022186615396771364,20,0.9985289664884379,8.554454339178509,0.7029824993837811,,,PRUNED
358,358,0.7032289869361598,2021-02-23 14:07:54.886310,2021-02-23 14:09:07.249184,0 days 00:01:12.362874,9.148858184156094e-05,30,0.9929992132579238,10.631334981476018,0.709884150850382,0.7032289869361598,,PRUNED
359,359,0.7071727877742174,2021-02-23 14:09:07.249488,2021-02-23 14:09:19.356514,0 days 00:00:12.107026,0.0003063094643648315,100,0.9923515721783607,7.48520177455069,0.7071727877742174,,,PRUNED
360,360,0.6960808479171802,2021-02-23 14:09:19.356854,2021-02-23 14:09:46.520426,0 days 00:00:27.163572,0.00022576192946852178,20,0.9906368761763977,11.081207675737485,0.6960808479171802,,,PRUNED
361,361,0.7064333251170816,2021-02-23 14:09:46.520775,2021-02-23 14:10:13.614848,0 days 00:00:27.094073,0.0004436408142910705,10,0.990939951766276,12.585503513257333,0.7064333251170816,,,PRUNED
362,362,0.7047079122504314,2021-02-23 14:10:13.615134,2021-02-23 14:11:26.036741,0 days 00:01:12.421607,0.00032342867315836884,80,0.9972239865394239,17.486057399122718,0.7047079122504314,,,PRUNED
363,363,0.7049543998028099,2021-02-23 14:11:26.037104,2021-02-23 14:12:38.678962,0 days 00:01:12.641858,0.0014215576797001468,90,0.9918963387993193,14.642873248811735,0.7049543998028099,,,PRUNED
364,364,0.6844959329553858,2021-02-23 14:12:38.679298,2021-02-23 14:13:05.885396,0 days 00:00:27.206098,1.0213421443741591e-05,40,0.9933941336283703,13.479740222752618,0.6844959329553858,,,PRUNED
365,365,0.7002711363076165,2021-02-23 14:13:05.885736,2021-02-23 14:13:33.086157,0 days 00:00:27.200421,1.7377662792498436e-05,20,0.990219948928602,9.657109975231101,0.7002711363076165,,,PRUNED
366,366,0.7054473749075671,2021-02-23 14:13:33.086464,2021-02-23 14:13:45.198211,0 days 00:00:12.111747,0.00020016509158824622,90,0.998593249657879,6.837102105727555,0.7054473749075671,,,PRUNED
367,367,0.706186837564703,2021-02-23 14:13:45.198548,2021-02-23 14:14:57.542477,0 days 00:01:12.343929,1.3378305243907126e-05,10,0.9914907001216271,11.232871161141672,0.7157998521074685,0.706186837564703,,PRUNED
368,368,0.7039684495932955,2021-02-23 14:14:57.542789,2021-02-23 14:15:24.581349,0 days 00:00:27.038560,5.813479231889171e-05,40,0.9911631003286928,15.0831826745272,0.7039684495932955,,,PRUNED
369,369,0.7054473749075671,2021-02-23 14:15:24.581677,2021-02-23 14:15:51.654120,0 days 00:00:27.072443,0.0001062502256615008,40,0.9913636117007902,14.6664017993528,0.7054473749075671,,,PRUNED
370,370,0.7019965491742667,2021-02-23 14:15:51.654476,2021-02-23 14:16:18.847137,0 days 00:00:27.192661,0.0005226223091515254,90,0.9963180312487309,6.086724229481598,0.7096376632980035,0.7019965491742667,,PRUNED
371,371,0.7066798126694602,2021-02-23 14:16:18.847450,2021-02-23 14:16:31.029392,0 days 00:00:12.181942,0.0002701845917187329,90,0.9987997916436949,9.814146311236671,0.7066798126694602,,,PRUNED
372,372,0.7000246487552378,2021-02-23 14:16:31.029718,2021-02-23 14:16:43.109675,0 days 00:00:12.079957,0.00041461255804102677,90,0.9949924333773433,8.013845384705698,0.7000246487552378,,,PRUNED
373,373,0.6902109831464769,2021-02-23 14:16:43.110013,2021-02-23 14:32:03.824042,0 days 00:15:20.714029,7.479024978282253e-05,30,0.9944517810080397,16.26777380616788,0.7081587379837319,0.7125955139265467,,COMPLETE
374,374,0.7044614246980527,2021-02-23 14:32:03.824781,2021-02-23 14:32:15.926647,0 days 00:00:12.101866,0.00022941037775945914,80,0.9914060307871371,9.072872077888421,0.7044614246980527,,,PRUNED
375,375,0.7029824993837811,2021-02-23 14:32:15.926985,2021-02-23 14:32:28.006491,0 days 00:00:12.079506,0.00018072065840649365,90,0.9925503787362108,16.111065818501224,0.7029824993837811,,,PRUNED
376,376,0.706186837564703,2021-02-23 14:32:28.006835,2021-02-23 14:32:55.263661,0 days 00:00:27.256826,0.00032603948000084395,20,0.9946339759205303,12.192325075866652,0.7091446881932463,0.706186837564703,,PRUNED
377,377,0.7052008873551886,2021-02-23 14:32:55.264010,2021-02-23 14:33:07.359490,0 days 00:00:12.095480,0.0003581900158031876,10,0.9948812947558735,14.663806718222691,0.7052008873551886,,,PRUNED
378,378,0.706186837564703,2021-02-23 14:33:07.359836,2021-02-23 14:34:19.607346,0 days 00:01:12.247510,7.202416684501019e-05,30,0.9948912940082161,16.279776060859483,0.707419275326596,0.706186837564703,,PRUNED
379,379,0.7064333251170816,2021-02-23 14:34:19.607710,2021-02-23 14:35:32.007232,0 days 00:01:12.399522,2.7889375391296996e-05,30,0.9937907584907324,16.91141026606664,0.7187577027360118,0.7064333251170816,,PRUNED
380,380,0.7054473749075671,2021-02-23 14:35:32.007562,2021-02-23 14:35:44.048441,0 days 00:00:12.040879,4.427182864071337e-05,100,0.9919170591212435,6.368148055574755,0.7054473749075671,,,PRUNED
381,381,0.7019965491742667,2021-02-23 14:35:44.048806,2021-02-23 14:36:11.218729,0 days 00:00:27.169923,0.00013607886806280242,30,0.9943918269275914,19.183671362131662,0.7019965491742667,,,PRUNED
382,382,0.7054473749075671,2021-02-23 14:36:11.219056,2021-02-23 14:36:38.524119,0 days 00:00:27.305063,0.0003275416514573413,20,0.9953243662960046,15.558420977480024,0.7054473749075671,,,PRUNED
383,383,0.703721962040917,2021-02-23 14:36:38.524430,2021-02-23 14:37:05.589357,0 days 00:00:27.064927,3.484900596989055e-05,90,0.9951629828287668,7.704951562955372,0.7076657628789746,0.703721962040917,,PRUNED
384,384,0.6997781612028593,2021-02-23 14:37:05.589721,2021-02-23 14:37:32.784927,0 days 00:00:27.195206,4.569024143715254e-05,10,0.9945673533829135,17.28417579526061,0.6997781612028593,,,PRUNED
385,385,0.7049543998028099,2021-02-23 14:37:32.785282,2021-02-23 14:38:45.080789,0 days 00:01:12.295507,0.013127750608711627,100,0.9904844018504061,18.335698074538616,0.7049543998028099,,,PRUNED
386,386,0.7331725764285131,2021-02-23 14:38:45.081163,2021-02-23 14:54:08.444428,0 days 00:15:23.363265,0.0005321172596638241,70,0.9914440248854931,15.620962029459037,0.7052008873551886,,,COMPLETE
387,387,0.7017500616218881,2021-02-23 14:54:08.445145,2021-02-23 14:54:20.740984,0 days 00:00:12.295839,0.00046576976090763935,100,0.990920293075324,2.8378425481908423,0.7017500616218881,,,PRUNED
388,388,0.7027360118314026,2021-02-23 14:54:20.741297,2021-02-23 14:54:32.972283,0 days 00:00:12.230986,0.00013070439779016313,20,0.99826603820083,15.65429734642624,0.7027360118314026,,,PRUNED
389,389,0.6894256840029579,2021-02-23 14:54:32.972636,2021-02-23 14:54:45.128338,0 days 00:00:12.155702,1.6365358177374804e-05,90,0.9917553549230729,7.09309938700906,0.6894256840029579,,,PRUNED
390,390,0.6950948977076657,2021-02-23 14:54:45.128656,2021-02-23 14:54:57.286472,0 days 00:00:12.157816,1.382030833196298e-05,90,0.9915218696398417,5.019974423409009,0.6950948977076657,,,PRUNED
391,391,0.7049543998028099,2021-02-23 14:54:57.286948,2021-02-23 14:56:10.102619,0 days 00:01:12.815671,0.0009705968101861572,70,0.9924454901523208,13.679781957858491,0.7049543998028099,,,PRUNED
392,392,0.7049543998028099,2021-02-23 14:56:10.102965,2021-02-23 14:57:22.915326,0 days 00:01:12.812361,0.00751383690700746,60,0.9915510727467967,10.279417296743706,0.7049543998028099,,,PRUNED
393,393,0.7042149371456742,2021-02-23 14:57:22.915659,2021-02-23 14:58:35.890240,0 days 00:01:12.974581,0.0004913703860416601,80,0.991322642409979,15.70295766946204,0.7042149371456742,,,PRUNED
394,394,0.6973132856790732,2021-02-23 14:58:35.890577,2021-02-23 14:59:03.104357,0 days 00:00:27.213780,3.8307390035848506e-05,20,0.9939898781298611,8.547765032872347,0.6973132856790732,,,PRUNED
395,395,0.7039684495932955,2021-02-23 14:59:03.104717,2021-02-23 14:59:30.369065,0 days 00:00:27.264348,0.00015889749157494104,30,0.9904470863314135,7.7631602594805305,0.7039684495932955,,,PRUNED
396,396,0.6775466354482637,2021-02-23 14:59:30.369411,2021-02-23 15:14:54.982907,0 days 00:15:24.613496,1.9540544287325472e-05,90,0.9970431514522228,6.3063356793462715,0.7150603894503328,0.7140744392408184,0.7079122504313532,COMPLETE
397,397,0.706186837564703,2021-02-23 15:14:54.983649,2021-02-23 15:15:22.416146,0 days 00:00:27.432497,2.7308947759832034e-05,90,0.9976263132821517,5.831594068815527,0.7103771259551392,0.706186837564703,,PRUNED
398,398,0.7015035740695095,2021-02-23 15:15:22.416480,2021-02-23 15:15:34.656097,0 days 00:00:12.239617,2.001122667899254e-05,90,0.9968950701049947,6.6792920801741476,0.7015035740695095,,,PRUNED
399,399,0.6970667981266946,2021-02-23 15:15:34.656505,2021-02-23 15:15:46.797354,0 days 00:00:12.140849,2.47157764440626e-05,90,0.9972574677973981,5.505605015333112,0.6970667981266946,,,PRUNED
400,400,0.6844959329553858,2021-02-23 15:15:46.797705,2021-02-23 15:15:59.009660,0 days 00:00:12.211955,1.1948986970095722e-05,10,0.9966562025363696,8.374051565642562,0.6844959329553858,,,PRUNED
401,401,0.706186837564703,2021-02-23 15:15:59.010007,2021-02-23 15:16:11.146281,0 days 00:00:12.136274,0.0006116838557470013,80,0.994453505858866,6.385465331978746,0.706186837564703,,,PRUNED
402,402,0.7322169068480052,2021-02-23 15:16:11.146600,2021-02-23 15:31:34.588346,0 days 00:15:23.441746,0.00038665149179604395,70,0.9921484761405229,14.404653095635295,0.7052008873551886,,,COMPLETE
403,403,0.726903588247929,2021-02-23 15:31:34.589077,2021-02-23 15:46:28.363519,0 days 00:14:53.774442,0.0002819577511024837,80,0.9909151894631781,16.63053853921056,0.7054473749075671,,,COMPLETE
404,404,0.7054193831478289,2021-02-23 15:46:28.364237,2021-02-23 16:01:35.764563,0 days 00:15:07.400326,8.811209977291785e-05,40,0.99567227012525,16.301528884824016,0.707419275326596,0.7121025388217895,,COMPLETE
405,405,0.7032289869361598,2021-02-23 16:01:35.765311,2021-02-23 16:01:47.972226,0 days 00:00:12.206915,0.00025566447413943546,20,0.9969179134382797,9.431446372795458,0.7032289869361598,,,PRUNED
406,406,0.7056938624599458,2021-02-23 16:01:47.972558,2021-02-23 16:02:00.215328,0 days 00:00:12.242770,2.214588807965522e-05,100,0.997017757026708,18.00713459108631,0.7056938624599458,,,PRUNED
407,407,0.7027360118314026,2021-02-23 16:02:00.215686,2021-02-23 16:02:12.512410,0 days 00:00:12.296724,1.5747164136011826e-05,90,0.9918908272564271,6.512318560244793,0.7027360118314026,,,PRUNED
408,408,0.7296610527409576,2021-02-23 16:02:12.512738,2021-02-23 16:17:30.571264,0 days 00:15:18.058526,0.00019949153338920974,90,0.9912766328819723,19.355915979697112,0.7066798126694602,,,COMPLETE
409,409,0.6588046463486037,2021-02-23 16:17:30.572003,2021-02-23 16:32:53.716408,0 days 00:15:23.144405,0.00020353273252013125,90,0.9921093083125374,6.093995032230175,0.7096376632980035,0.7069263002218388,0.7217155533645551,COMPLETE
410,410,0.724302649620418,2021-02-23 16:32:53.717222,2021-02-23 16:47:59.440782,0 days 00:15:05.723560,8.986076451553348e-05,50,0.9960828223239332,16.395106232852314,0.707419275326596,0.7081587379837319,,COMPLETE
411,411,0.7066798126694602,2021-02-23 16:47:59.441974,2021-02-23 16:48:26.709758,0 days 00:00:27.267784,0.00020871140773256363,90,0.9921634502409313,5.9587577171577015,0.707419275326596,0.7066798126694602,,PRUNED
412,412,0.7059403500123244,2021-02-23 16:48:26.710111,2021-02-23 16:48:38.852229,0 days 00:00:12.142118,0.0001653813164622035,90,0.9926845477179007,7.225135972056634,0.7059403500123244,,,PRUNED
413,413,0.6941644175076547,2021-02-23 16:48:38.852597,2021-02-23 17:04:01.978467,0 days 00:15:23.125870,8.216386080959019e-05,50,0.9960544431298667,17.107137493933667,0.7108701010598965,0.7088982006408676,,COMPLETE
414,414,0.7069263002218388,2021-02-23 17:04:01.979225,2021-02-23 17:04:28.452463,0 days 00:00:26.473238,0.0001986545871528194,50,0.9963358224032465,18.157858588154713,0.7069263002218388,,,PRUNED
415,415,0.7332017228567769,2021-02-23 17:04:28.452796,2021-02-23 17:19:49.378877,0 days 00:15:20.926081,0.0006210599648239227,30,0.9985977931422064,15.231128907448092,0.7052008873551886,,,COMPLETE
416,416,0.7049543998028099,2021-02-23 17:19:49.379630,2021-02-23 17:21:02.271807,0 days 00:01:12.892177,0.0006625942252068084,30,0.9939478730784184,15.128868484502963,0.7049543998028099,,,PRUNED
417,417,0.7071727877742174,2021-02-23 17:21:02.272125,2021-02-23 17:21:29.540316,0 days 00:00:27.268191,8.409976649280045e-05,50,0.9959485409746694,17.259648326032483,0.7071727877742174,,,PRUNED
418,418,0.703721962040917,2021-02-23 17:21:29.540648,2021-02-23 17:21:41.665125,0 days 00:00:12.124477,0.00023247707073464853,90,0.99206525895194,8.747511327085853,0.703721962040917,,,PRUNED
419,419,0.706186837564703,2021-02-23 17:21:41.665447,2021-02-23 17:21:53.752499,0 days 00:00:12.087052,0.0002852376905521494,90,0.9923396940944168,10.003651716460713,0.706186837564703,,,PRUNED
420,420,0.6913975844219867,2021-02-23 17:21:53.752878,2021-02-23 17:23:06.385860,0 days 00:01:12.632982,0.00014433777102950226,50,0.991205909458542,7.558196711794726,0.7170322898693616,0.7177717525264974,0.6913975844219867,PRUNED
421,421,0.7044614246980527,2021-02-23 17:23:06.386223,2021-02-23 17:23:33.732071,0 days 00:00:27.345848,0.00011595162650200695,60,0.996546899687561,17.724972325947096,0.7044614246980527,,,PRUNED
422,422,0.6827705200887355,2021-02-23 17:23:33.732389,2021-02-23 17:24:46.439157,0 days 00:01:12.706768,0.0001779901368664352,10,0.9986987316728733,3.7785209807899505,0.7093911757456248,0.7096376632980035,0.6827705200887355,PRUNED
423,423,0.6990386985457234,2021-02-23 17:24:46.439523,2021-02-23 17:24:58.565229,0 days 00:00:12.125706,0.0004138081315094265,100,0.9942270247541845,6.922822490986054,0.6990386985457234,,,PRUNED
424,424,0.7049543998028099,2021-02-23 17:24:58.565612,2021-02-23 17:26:09.422710,0 days 00:01:10.857098,0.0016627802093280998,30,0.99858322683511,17.546699523045145,0.7049543998028099,,,PRUNED
425,425,0.7059403500123244,2021-02-23 17:26:09.423056,2021-02-23 17:26:35.867925,0 days 00:00:26.444869,9.653475484730517e-05,50,0.997251287622766,16.633308894954034,0.7059403500123244,,,PRUNED
426,426,0.7022430367266453,2021-02-23 17:26:35.868262,2021-02-23 17:26:47.568636,0 days 00:00:11.700374,6.456342272379827e-05,20,0.9948050783961805,6.153742829561245,0.7022430367266453,,,PRUNED
427,427,0.6864678333744146,2021-02-23 17:26:47.568974,2021-02-23 17:27:58.445448,0 days 00:01:10.876474,1.667118784226643e-05,90,0.9919461737050231,5.5726363377316055,0.713088489031304,0.7172787774217402,0.6864678333744146,PRUNED
428,428,0.6948484101552872,2021-02-23 17:27:58.445801,2021-02-23 17:28:10.197238,0 days 00:00:11.751437,1.295729808746724e-05,90,0.9917727243545396,6.255739594778338,0.6948484101552872,,,PRUNED
429,429,0.706186837564703,2021-02-23 17:28:10.197588,2021-02-23 17:28:21.872847,0 days 00:00:11.675259,1.0542942261192166e-05,90,0.9970889033439154,16.96541287191905,0.706186837564703,,,PRUNED
430,430,0.7064333251170816,2021-02-23 17:28:21.873195,2021-02-23 17:29:32.692830,0 days 00:01:10.819635,0.0001675975514506534,60,0.9957851126761644,9.387261577092108,0.7084052255361104,0.7064333251170816,,PRUNED
431,431,0.7066798126694602,2021-02-23 17:29:32.693170,2021-02-23 17:29:59.878121,0 days 00:00:27.184951,0.00013657685920709945,50,0.9970125223343587,10.60758087540968,0.7066798126694602,,,PRUNED
432,432,0.7049543998028099,2021-02-23 17:29:59.878456,2021-02-23 17:30:12.078395,0 days 00:00:12.199939,1.8196454954539607e-05,90,0.9924072555254821,6.895912897935311,0.7049543998028099,,,PRUNED
433,433,0.6911510968696081,2021-02-23 17:30:12.078764,2021-02-23 17:30:24.242263,0 days 00:00:12.163499,2.0927534274601673e-05,90,0.9921333454126057,18.88862202019627,0.6911510968696081,,,PRUNED
434,434,0.7066798126694602,2021-02-23 17:30:24.242645,2021-02-23 17:30:51.693543,0 days 00:00:27.450898,0.00011463321571546258,50,0.9964673459391876,16.092023352460213,0.7066798126694602,,,PRUNED
435,435,0.7069263002218388,2021-02-23 17:30:51.693918,2021-02-23 17:31:18.962921,0 days 00:00:27.269003,7.735483607917477e-05,40,0.9955772890347926,16.163760100457555,0.7069263002218388,,,PRUNED
436,436,0.7049543998028099,2021-02-23 17:31:18.963274,2021-02-23 17:31:31.105021,0 days 00:00:12.141747,0.0002017305432980797,10,0.9939867425552715,15.196030592655829,0.7049543998028099,,,PRUNED
437,437,0.7049543998028099,2021-02-23 17:31:31.105378,2021-02-23 17:32:43.942029,0 days 00:01:12.836651,0.019610426559810133,20,0.9989952183334146,18.596773635641334,0.7049543998028099,,,PRUNED
438,438,0.7049543998028099,2021-02-23 17:32:43.942333,2021-02-23 17:33:11.230865,0 days 00:00:27.288532,8.752586529541232e-05,60,0.9961588542618026,17.05039723902518,0.7049543998028099,,,PRUNED
439,439,0.706186837564703,2021-02-23 17:33:11.231226,2021-02-23 17:33:38.586540,0 days 00:00:27.355314,0.00035121009027352365,90,0.9906718438988104,6.567479275326226,0.7108701010598965,0.706186837564703,,PRUNED
440,440,0.7064333251170816,2021-02-23 17:33:38.586919,2021-02-23 17:34:51.633495,0 days 00:01:13.046576,7.727510989744406e-05,50,0.9951586969481709,18.23574535268412,0.7113630761646537,0.7064333251170816,,PRUNED
441,441,0.7015035740695095,2021-02-23 17:34:51.633822,2021-02-23 17:35:18.975342,0 days 00:00:27.341520,6.42644250181281e-05,50,0.9959888769890598,15.655086484759867,0.7015035740695095,,,PRUNED
442,442,0.7066798126694602,2021-02-23 17:35:18.975715,2021-02-23 17:36:31.614298,0 days 00:01:12.638583,0.00010215934254839894,10,0.9956756278884328,16.40962135689387,0.7084052255361104,0.7066798126694602,,PRUNED
443,443,0.7056938624599458,2021-02-23 17:36:31.614691,2021-02-23 17:36:43.998193,0 days 00:00:12.383502,0.00029729891982595367,60,0.9989802792091952,5.271403591959197,0.7056938624599458,,,PRUNED
444,444,0.7064333251170816,2021-02-23 17:36:43.998560,2021-02-23 17:37:11.353036,0 days 00:00:27.354476,0.00020205585939240726,40,0.9948671497321269,10.306343717763836,0.7064333251170816,,,PRUNED
445,445,0.7017500616218881,2021-02-23 17:37:11.353408,2021-02-23 17:37:38.588248,0 days 00:00:27.234840,5.160238160475531e-05,10,0.9936009303342729,17.497346672069888,0.7017500616218881,,,PRUNED
446,446,0.7064333251170816,2021-02-23 17:37:38.588633,2021-02-23 17:38:05.879805,0 days 00:00:27.291172,6.926286806174091e-05,40,0.9967800829705435,18.606348030372722,0.7064333251170816,,,PRUNED
447,447,0.7049543998028099,2021-02-23 17:38:05.880167,2021-02-23 17:39:18.726082,0 days 00:01:12.845915,0.0005708950089793397,40,0.9974121701032195,14.010762314698635,0.7049543998028099,,,PRUNED
448,448,0.6380477624393215,2021-02-23 17:39:18.726445,2021-02-23 17:54:32.093391,0 days 00:15:13.366946,9.00388471506008e-05,80,0.9916326807293929,4.710418965355323,0.7111165886122751,0.7143209267931969,0.7101306384027607,COMPLETE
449,449,0.6879467586886863,2021-02-23 17:54:32.094131,2021-02-23 17:55:42.962495,0 days 00:01:10.868364,8.511140940360113e-05,70,0.991630403790689,4.495673460157422,0.7084052255361104,0.7106236135075179,0.6879467586886863,PRUNED
450,450,0.6970667981266946,2021-02-23 17:55:42.962830,2021-02-23 17:56:53.655299,0 days 00:01:10.692469,9.937373721743807e-05,80,0.9918670343889789,5.729234883715452,0.7088982006408676,0.7212225782597979,0.6970667981266946,PRUNED
451,451,0.7034754744885383,2021-02-23 17:56:53.655680,2021-02-23 17:57:05.480605,0 days 00:00:11.824925,0.00014324126956190793,80,0.9913539038229596,6.08668617048257,0.7034754744885383,,,PRUNED
452,452,0.6978062607838305,2021-02-23 17:57:05.480958,2021-02-23 17:57:32.244152,0 days 00:00:26.763194,0.00013742739104073896,50,0.9941075012544962,15.323230534330037,0.6978062607838305,,,PRUNED
453,453,0.703721962040917,2021-02-23 17:57:32.244539,2021-02-23 17:57:59.644253,0 days 00:00:27.399714,0.0004850418676139082,90,0.9917148959307344,7.07855973109505,0.7086517130884891,0.703721962040917,,PRUNED
454,454,0.7029824993837811,2021-02-23 17:57:59.644684,2021-02-23 17:58:27.004023,0 days 00:00:27.359339,0.00012167868824036911,10,0.9916507696918164,11.556525663900183,0.7029824993837811,,,PRUNED
455,455,0.7069263002218388,2021-02-23 17:58:27.004379,2021-02-23 17:58:39.100399,0 days 00:00:12.096020,0.0001248769833622602,20,0.9902790227973906,6.29639122745011,0.7069263002218388,,,PRUNED
456,456,0.7049543998028099,2021-02-23 17:58:39.100763,2021-02-23 17:59:51.774094,0 days 00:01:12.673331,0.0011504704930650788,30,0.998605692364333,17.15678216135049,0.7049543998028099,,,PRUNED
457,457,0.7032289869361598,2021-02-23 17:59:51.774488,2021-02-23 18:00:19.213356,0 days 00:00:27.438868,0.00023998368023603223,90,0.9921539645985075,7.534561898366484,0.7093911757456248,0.7032289869361598,,PRUNED
458,458,0.695587872812423,2021-02-23 18:00:19.213678,2021-02-23 18:00:46.559583,0 days 00:00:27.345905,5.5064808060721126e-05,30,0.9900054763443984,12.76656830281838,0.695587872812423,,,PRUNED
459,459,0.7012570865171309,2021-02-23 18:00:46.559981,2021-02-23 18:01:59.241718,0 days 00:01:12.681737,9.550533732772966e-05,20,0.9954914574117695,14.07566485225656,0.7145674143455756,0.7012570865171309,,PRUNED
460,460,0.7056938624599458,2021-02-23 18:01:59.242061,2021-02-23 18:02:11.439261,0 days 00:00:12.197200,0.00019181402315409515,90,0.9943819705639739,15.508155081408814,0.7056938624599458,,,PRUNED
461,461,0.6649109710465005,2021-02-23 18:02:11.439627,2021-02-23 18:17:27.139166,0 days 00:15:15.699539,2.260189774116205e-05,100,0.9915819082752422,19.91298521148501,0.7113630761646537,0.7153068770027113,0.7091446881932463,COMPLETE
462,462,0.6987922109933449,2021-02-23 18:17:27.140017,2021-02-23 18:17:54.460710,0 days 00:00:27.320693,3.147730227523902e-05,100,0.9910311251110598,18.43085422012867,0.7084052255361104,0.6987922109933449,,PRUNED
463,463,0.7069263002218388,2021-02-23 18:17:54.461077,2021-02-23 18:18:21.876532,0 days 00:00:27.415455,2.753424833740449e-05,100,0.9914832309378551,17.472563962720987,0.7086517130884891,0.7069263002218388,,PRUNED
464,464,0.7039684495932955,2021-02-23 18:18:21.876895,2021-02-23 18:19:34.602836,0 days 00:01:12.725941,0.0003561561214952781,70,0.9961146900988815,16.04591873608729,0.7039684495932955,,,PRUNED
465,465,0.6847424205077643,2021-02-23 18:19:34.603225,2021-02-23 18:20:01.895977,0 days 00:00:27.292752,0.00024746698376206357,30,0.9943696359360721,0.19481075059128905,0.6847424205077643,,,PRUNED
466,466,0.7012570865171309,2021-02-23 18:20:01.896457,2021-02-23 18:20:29.122048,0 days 00:00:27.225591,7.318465926637284e-05,40,0.9960948483071674,15.964070510576404,0.7012570865171309,,,PRUNED
467,467,0.7049543998028099,2021-02-23 18:20:29.122426,2021-02-23 18:21:42.046270,0 days 00:01:12.923844,0.0007818731446537546,30,0.997756866853244,15.48941420255565,0.7049543998028099,,,PRUNED
468,468,0.7054473749075671,2021-02-23 18:21:42.046594,2021-02-23 18:21:54.147743,0 days 00:00:12.101149,2.479720065611207e-05,100,0.9965027478329629,19.846507122125985,0.7054473749075671,,,PRUNED
469,469,0.703721962040917,2021-02-23 18:21:54.148174,2021-02-23 18:22:06.283489,0 days 00:00:12.135315,0.00010376539241329071,100,0.9961290860019664,19.57440131205997,0.703721962040917,,,PRUNED
470,470,0.696820310574316,2021-02-23 18:22:06.283886,2021-02-23 18:22:33.497809,0 days 00:00:27.213923,4.645358973533281e-05,10,0.9946522649572693,13.32259605227049,0.696820310574316,,,PRUNED
471,471,0.7049543998028099,2021-02-23 18:22:33.498199,2021-02-23 18:23:46.230402,0 days 00:01:12.732203,0.00046286575321447806,80,0.9980467347973322,17.74430136877728,0.7049543998028099,,,PRUNED
472,472,0.7066798126694602,2021-02-23 18:23:46.230778,2021-02-23 18:24:13.720030,0 days 00:00:27.489252,0.00016776882009927457,100,0.9967632730294829,13.625004362158629,0.7096376632980035,0.7066798126694602,,PRUNED
473,473,0.7282646652856519,2021-02-23 18:24:13.720433,2021-02-23 18:39:22.710101,0 days 00:15:08.989668,0.00014066923484951525,10,0.9968695066175057,16.81142015041448,0.7106236135075179,,,COMPLETE
