,number,value,datetime_start,datetime_complete,duration,params_lr,params_out_dim,params_weight_decay,system_attrs_completed_rung_0,system_attrs_completed_rung_1,system_attrs_completed_rung_2,state
0,0,0.4792626728110599,2021-02-13 22:54:21.662223,2021-02-13 22:59:21.768042,0 days 00:05:00.105819,0.0015890455724664237,15,6.808015289332629e-07,0.48294930875576036,0.43533026113671275,0.5032258064516129,COMPLETE
1,1,0.5064516129032258,2021-02-13 22:59:21.768602,2021-02-13 23:04:21.528468,0 days 00:04:59.759866,0.011029129175340055,20,1.2565822799034807e-07,0.49554531490015363,0.4109062980030722,,COMPLETE
2,2,0.5505376344086022,2021-02-13 23:04:21.529026,2021-02-13 23:09:18.345446,0 days 00:04:56.816420,0.0005783677780616816,30,0.00010921314123118593,0.5321044546850998,0.4783410138248848,,COMPLETE
3,3,0.5047619047619047,2021-02-13 23:09:18.345991,2021-02-13 23:14:18.138046,0 days 00:04:59.792055,0.010878098719194318,25,1.4563171755242945e-05,0.5,0.5043010752688172,0.5268817204301075,COMPLETE
4,4,0.5763440860215053,2021-02-13 23:14:18.139133,2021-02-13 23:19:18.251746,0 days 00:05:00.112613,0.00193168119309524,45,1.2931486169375622e-05,0.5772657450076805,0.5235023041474655,,COMPLETE
5,5,0.5296466973886329,2021-02-13 23:19:18.253109,2021-02-13 23:24:17.318882,0 days 00:04:59.065773,0.0027146181284522786,30,0.00042995857807916367,0.5278033794162826,,,COMPLETE
6,6,0.554531490015361,2021-02-13 23:24:17.319753,2021-02-13 23:29:16.133883,0 days 00:04:58.814130,0.0009431764633706118,10,2.4921226811860136e-07,0.5459293394777266,0.5185867895545315,0.549615975422427,COMPLETE
7,7,0.47772657450076805,2021-02-13 23:29:16.134848,2021-02-13 23:34:10.767484,0 days 00:04:54.632636,0.0034655032628090952,45,9.358210968871912e-06,0.530568356374808,,,COMPLETE
8,8,0.5757296466973887,2021-02-13 23:34:10.768040,2021-02-13 23:39:13.021548,0 days 00:05:02.253508,2.2279134164039746e-05,35,1.614972971115454e-05,0.5923195084485408,0.5695852534562212,,COMPLETE
9,9,0.5155145929339477,2021-02-13 23:39:13.022105,2021-02-13 23:39:50.661367,0 days 00:00:37.639262,7.125372254976171e-05,20,2.628572234246254e-05,0.5155145929339477,,,PRUNED
10,10,0.5428571428571428,2021-02-13 23:39:50.661539,2021-02-13 23:40:34.215264,0 days 00:00:43.553725,0.0039856347941075055,20,6.710591701649356e-07,0.5428571428571428,,,PRUNED
11,11,0.5,2021-02-13 23:40:34.215426,2021-02-13 23:40:47.627041,0 days 00:00:13.411615,0.009907571519179528,20,2.2632446487587873e-07,0.5,,,PRUNED
12,12,0.4857142857142857,2021-02-13 23:40:47.627197,2021-02-13 23:41:01.288491,0 days 00:00:13.661294,0.00045566531767410697,40,5.042361642911966e-05,0.4857142857142857,,,PRUNED
13,13,0.5084485407066052,2021-02-13 23:41:01.288643,2021-02-13 23:41:44.620636,0 days 00:00:43.331993,0.0012055901251271596,45,8.695742473888937e-05,0.5084485407066052,,,PRUNED
14,14,0.363594470046083,2021-02-13 23:41:44.620799,2021-02-13 23:41:57.993877,0 days 00:00:13.373078,0.0001977654854016425,25,1.7223033529333153e-07,0.363594470046083,,,PRUNED
15,15,0.5327188940092166,2021-02-13 23:41:57.994030,2021-02-13 23:42:39.422719,0 days 00:00:41.428689,2.679673104889253e-05,25,2.6350791485704706e-07,0.5327188940092166,,,PRUNED
16,16,0.3443932411674347,2021-02-13 23:42:39.422873,2021-02-13 23:44:31.739263,0 days 00:01:52.316390,1.3369482772865181e-05,5,3.2565932047837657e-06,0.3443932411674347,,,PRUNED
17,17,0.4946236559139785,2021-02-13 23:44:31.739439,2021-02-13 23:44:49.131919,0 days 00:00:17.392480,0.003701921599475813,30,0.00044989673693769173,0.4946236559139785,,,PRUNED
18,18,0.46543778801843316,2021-02-13 23:44:49.132082,2021-02-13 23:45:04.735924,0 days 00:00:15.603842,0.00013433698669280855,30,8.124081394553176e-07,0.46543778801843316,,,PRUNED
19,19,0.5960061443932412,2021-02-13 23:45:04.736096,2021-02-13 23:50:05.485648,0 days 00:05:00.749552,0.00013667268778439062,45,5.023497710594018e-05,0.5929339477726574,0.5806451612903226,,COMPLETE
20,20,0.480184331797235,2021-02-13 23:50:05.486199,2021-02-13 23:50:18.543866,0 days 00:00:13.057667,8.06245181686289e-05,15,9.21906206899525e-06,0.480184331797235,,,PRUNED
21,21,0.4927803379416283,2021-02-13 23:50:18.544047,2021-02-13 23:50:33.894540,0 days 00:00:15.350493,5.442507759312363e-05,15,1.6216673724828068e-05,0.4927803379416283,,,PRUNED
22,22,0.42764976958525347,2021-02-13 23:50:33.894749,2021-02-13 23:50:50.050668,0 days 00:00:16.155919,1.857565395604783e-05,5,1.4086339837248612e-06,0.42764976958525347,,,PRUNED
23,23,0.5,2021-02-13 23:50:50.050821,2021-02-13 23:51:28.890092,0 days 00:00:38.839271,0.017493725421427807,5,0.00012173187559344415,0.5,0.5,,PRUNED
24,24,0.47649769585253454,2021-02-13 23:51:28.890245,2021-02-13 23:52:11.306093,0 days 00:00:42.415848,0.00118716871779705,50,4.445268167505304e-06,0.5062980030721966,0.47649769585253454,,PRUNED
25,25,0.48141321044546853,2021-02-13 23:52:11.306250,2021-02-13 23:54:04.887607,0 days 00:01:53.581357,0.0053384610990061645,20,0.0003116516056242638,0.48141321044546853,,,PRUNED
26,26,0.5075268817204301,2021-02-13 23:54:04.887874,2021-02-13 23:59:07.116545,0 days 00:05:02.228671,4.595484230790916e-05,15,6.267701302623275e-07,0.5311827956989247,,,COMPLETE
27,27,0.4980030721966206,2021-02-13 23:59:07.117107,2021-02-13 23:59:22.966160,0 days 00:00:15.849053,0.004474700715469982,40,4.034369946314395e-05,0.4980030721966206,,,PRUNED
28,28,0.5815668202764976,2021-02-13 23:59:22.966371,2021-02-14 00:04:21.723532,0 days 00:04:58.757161,0.0005632052233538533,5,3.974855040069312e-06,0.6079877112135177,0.5425499231950844,0.6015360983102919,COMPLETE
29,29,0.45468509984639016,2021-02-14 00:04:21.724090,2021-02-14 00:04:36.723520,0 days 00:00:14.999430,0.0005821063989586531,5,1.118186305660096e-07,0.45468509984639016,,,PRUNED
30,30,0.5311827956989247,2021-02-14 00:04:36.723679,2021-02-14 00:09:38.555766,0 days 00:05:01.832087,0.00018087069051170472,30,0.0008491991563791488,0.6003072196620584,0.5969278033794163,,COMPLETE
31,31,0.565284178187404,2021-02-14 00:09:38.556415,2021-02-14 00:11:33.395624,0 days 00:01:54.839209,0.0011287385615416684,10,2.735200681813278e-06,0.5935483870967742,0.5692780337941629,0.565284178187404,PRUNED
32,32,0.5391705069124424,2021-02-14 00:11:33.395784,2021-02-14 00:12:16.780842,0 days 00:00:43.385058,0.0002720917531877098,10,3.9246566495381586e-07,0.5695852534562212,0.5391705069124424,,PRUNED
33,33,0.5314900153609831,2021-02-14 00:12:16.781005,2021-02-14 00:17:15.971560,0 days 00:04:59.190555,0.0030494704317645324,10,2.266636457411132e-06,0.595084485407066,0.5453149001536098,0.5867895545314901,COMPLETE
34,34,0.5867895545314901,2021-02-14 00:17:15.972139,2021-02-14 00:17:57.555264,0 days 00:00:41.583125,0.000146069354490959,5,1.6671929395320572e-06,0.5867895545314901,,,PRUNED
35,35,0.4823348694316436,2021-02-14 00:17:57.555425,2021-02-14 00:18:34.959198,0 days 00:00:37.403773,0.0018468936709292838,50,4.805849685117623e-06,0.4823348694316436,,,PRUNED
36,36,0.5105990783410138,2021-02-14 00:18:34.959364,2021-02-14 00:19:18.392072,0 days 00:00:43.432708,2.6863852598235563e-05,5,0.0007402005874277319,0.6334869431643625,0.5105990783410138,,PRUNED
37,37,0.5482334869431643,2021-02-14 00:19:18.392240,2021-02-14 00:24:18.569930,0 days 00:05:00.177690,0.009630127412383551,15,3.8871352251951644e-07,0.5543778801843318,,,COMPLETE
38,38,0.450384024577573,2021-02-14 00:24:18.570512,2021-02-14 00:25:01.660766,0 days 00:00:43.090254,0.0006328390126253708,20,1.06417060838787e-07,0.5631336405529954,0.450384024577573,,PRUNED
39,39,0.5379416282642089,2021-02-14 00:25:01.660926,2021-02-14 00:26:56.229871,0 days 00:01:54.568945,0.002626764863672733,10,3.7509847764910026e-06,0.584331797235023,0.5705069124423963,0.5379416282642089,PRUNED
40,40,0.5259600614439324,2021-02-14 00:26:56.230040,2021-02-14 00:31:58.020638,0 days 00:05:01.790598,2.2339633609797937e-05,45,0.00014054636674085296,0.535483870967742,,,COMPLETE
41,41,0.5023041474654378,2021-02-14 00:31:58.021235,2021-02-14 00:32:13.775781,0 days 00:00:15.754546,0.00220622343511699,10,1.5601739390988633e-06,0.5023041474654378,,,PRUNED
42,42,0.5,2021-02-14 00:32:13.775953,2021-02-14 00:32:26.512795,0 days 00:00:12.736842,0.005731980432461902,20,5.173747673439568e-06,0.5,,,PRUNED
43,43,0.524731182795699,2021-02-14 00:32:26.512955,2021-02-14 00:33:08.086465,0 days 00:00:41.573510,0.0010467831237450348,5,4.857142248194912e-07,0.5655913978494623,0.524731182795699,,PRUNED
44,44,0.5407066052227343,2021-02-14 00:33:08.086640,2021-02-14 00:33:23.754221,0 days 00:00:15.667581,0.0003393421470252371,15,1.4926201041421963e-06,0.5407066052227343,,,PRUNED
45,45,0.5,2021-02-14 00:33:23.754405,2021-02-14 00:33:59.301560,0 days 00:00:35.547155,0.015429095695630755,45,0.0004235404060463484,0.5,,,PRUNED
46,46,0.5360983102918587,2021-02-14 00:33:59.301735,2021-02-14 00:34:12.918907,0 days 00:00:13.617172,0.0007063148337318536,10,9.180592242065897e-06,0.5360983102918587,,,PRUNED
47,47,0.4768049155145929,2021-02-14 00:34:12.919072,2021-02-14 00:34:45.581257,0 days 00:00:32.662185,0.00045838446919974833,50,6.355737049852571e-05,0.4768049155145929,,,PRUNED
48,48,0.5311827956989247,2021-02-14 00:34:45.581440,2021-02-14 00:38:42.194715,0 days 00:03:56.613275,0.002278115995465379,5,2.096835468543307e-06,0.5778801843317972,0.5456221198156682,0.605837173579109,COMPLETE
49,49,0.5,2021-02-14 00:38:42.195355,2021-02-14 00:38:54.094161,0 days 00:00:11.898806,0.0071152024320300135,15,2.398986293884051e-07,0.5,,,PRUNED
50,50,0.5016897081413211,2021-02-14 00:38:54.094341,2021-02-14 00:39:05.979583,0 days 00:00:11.885242,0.001426157769203386,20,5.746734846644095e-07,0.5016897081413211,,,PRUNED
51,51,0.5,2021-02-14 00:39:05.979761,2021-02-14 00:40:36.732799,0 days 00:01:30.753038,0.005681597483252825,15,1.9315937639030306e-05,0.5,,,PRUNED
52,52,0.42857142857142855,2021-02-14 00:40:36.732989,2021-02-14 00:40:48.818109,0 days 00:00:12.085120,0.00016191752813268112,10,9.44230199215448e-07,0.42857142857142855,,,PRUNED
53,53,0.49539170506912444,2021-02-14 00:40:48.818294,2021-02-14 00:42:19.695360,0 days 00:01:30.877066,0.014557551763952037,10,1.5689592535902179e-06,0.49539170506912444,,,PRUNED
54,54,0.4596006144393241,2021-02-14 00:42:19.695523,2021-02-14 00:42:31.588826,0 days 00:00:11.893303,0.002085916007539279,5,2.7156845407888044e-06,0.4596006144393241,,,PRUNED
55,55,0.5001536098310292,2021-02-14 00:42:31.589007,2021-02-14 00:42:43.483977,0 days 00:00:11.894970,0.0025529545388192046,5,2.019363143138425e-05,0.5001536098310292,,,PRUNED
56,56,0.5339477726574501,2021-02-14 00:42:43.484162,2021-02-14 00:43:15.076238,0 days 00:00:31.592076,0.004305582863501293,40,5.637183283634576e-06,0.5339477726574501,,,PRUNED
57,57,0.5284178187403994,2021-02-14 00:43:15.076405,2021-02-14 00:43:46.624283,0 days 00:00:31.547878,8.588552032458102e-05,40,0.0002700870488243514,0.5284178187403994,,,PRUNED
58,58,0.5038402457757296,2021-02-14 00:43:46.624458,2021-02-14 00:43:58.461195,0 days 00:00:11.836737,0.0008400694550561657,10,7.488729279404152e-06,0.5038402457757296,,,PRUNED
59,59,0.5081413210445469,2021-02-14 00:43:58.461383,2021-02-14 00:45:29.455878,0 days 00:01:30.994495,0.0003176834744387085,20,0.00012045009157860708,0.5081413210445469,,,PRUNED
60,60,0.5,2021-02-14 00:45:29.456039,2021-02-14 00:45:41.355827,0 days 00:00:11.899788,0.010378374392416494,15,2.0685999469922673e-06,0.5,,,PRUNED
61,61,0.4989247311827957,2021-02-14 00:45:41.355989,2021-02-14 00:46:13.153240,0 days 00:00:31.797251,0.0035304180199325795,25,3.3700759972789945e-07,0.5428571428571428,0.4989247311827957,,PRUNED
62,62,0.482642089093702,2021-02-14 00:46:13.153401,2021-02-14 00:46:25.014719,0 days 00:00:11.861318,0.01772948867896444,5,2.8968718342233524e-05,0.482642089093702,,,PRUNED
63,63,0.4608294930875576,2021-02-14 00:46:25.014878,2021-02-14 00:47:55.856679,0 days 00:01:30.841801,0.00047638193594536673,30,1.5310355386128762e-07,0.4608294930875576,,,PRUNED
64,64,0.5121351766513057,2021-02-14 00:47:55.856844,2021-02-14 00:49:26.609596,0 days 00:01:30.752752,0.0010559554532708188,35,1.1535722744318265e-07,0.5121351766513057,,,PRUNED
65,65,0.47096774193548385,2021-02-14 00:49:26.609789,2021-02-14 00:49:38.539899,0 days 00:00:11.930110,0.0003938899427139201,35,9.930248255767244e-07,0.47096774193548385,,,PRUNED
66,66,0.5714285714285714,2021-02-14 00:49:38.540086,2021-02-14 00:51:09.175932,0 days 00:01:30.635846,0.00185884065490637,15,4.817743515759452e-06,0.627342549923195,0.5953917050691244,0.5714285714285714,PRUNED
67,67,0.44224270353302614,2021-02-14 00:51:09.176124,2021-02-14 00:51:21.110216,0 days 00:00:11.934092,0.000225039849455191,50,1.7809767416811266e-07,0.44224270353302614,,,PRUNED
68,68,0.5104454685099846,2021-02-14 00:51:21.110406,2021-02-14 00:52:52.057273,0 days 00:01:30.946867,0.01999446082671896,35,3.967906976661984e-05,0.5104454685099846,,,PRUNED
69,69,0.40153609831029186,2021-02-14 00:52:52.057469,2021-02-14 00:53:03.951027,0 days 00:00:11.893558,0.0004921110855363087,20,1.3501898909770604e-05,0.40153609831029186,,,PRUNED
70,70,0.40522273425499233,2021-02-14 00:53:03.951199,2021-02-14 00:53:15.804111,0 days 00:00:11.852912,0.008273388002439657,35,0.00011309060693436578,0.40522273425499233,,,PRUNED
71,71,0.44285714285714284,2021-02-14 00:53:15.804301,2021-02-14 00:53:27.680665,0 days 00:00:11.876364,0.011080379566235143,45,7.435949751538536e-05,0.44285714285714284,,,PRUNED
72,72,0.47588325652841784,2021-02-14 00:53:27.680829,2021-02-14 00:53:59.223530,0 days 00:00:31.542701,0.0009181564915037792,50,2.8110526942116216e-05,0.47588325652841784,,,PRUNED
73,73,0.4881720430107527,2021-02-14 00:53:59.223718,2021-02-14 00:54:11.068997,0 days 00:00:11.845279,0.003559855525189374,25,7.26675038991036e-06,0.4881720430107527,,,PRUNED
74,74,0.4485407066052227,2021-02-14 00:54:11.069173,2021-02-14 00:54:42.741985,0 days 00:00:31.672812,1.0070364479255467e-05,5,3.52712107997292e-06,0.4485407066052227,,,PRUNED
75,75,0.4737327188940092,2021-02-14 00:54:42.742174,2021-02-14 00:54:54.680478,0 days 00:00:11.938304,0.0016270664490569131,15,1.4514531506678856e-05,0.4737327188940092,,,PRUNED
76,76,0.5,2021-02-14 00:54:54.680666,2021-02-14 00:55:06.553860,0 days 00:00:11.873194,0.013708952035025155,30,2.638151560683294e-06,0.5,,,PRUNED
77,77,0.5311827956989247,2021-02-14 00:55:06.554060,2021-02-14 00:55:38.106312,0 days 00:00:31.552252,0.004584572008019466,10,2.1562967475660076e-05,0.5672811059907834,0.5311827956989247,,PRUNED
78,78,0.4894009216589862,2021-02-14 00:55:38.106474,2021-02-14 00:55:50.033564,0 days 00:00:11.927090,0.0008975425074877348,5,8.31512243916018e-07,0.4894009216589862,,,PRUNED
79,79,0.4804915514592934,2021-02-14 00:55:50.033740,2021-02-14 00:56:21.616933,0 days 00:00:31.583193,0.00011721485348637204,35,5.995880440885208e-06,0.5124423963133641,0.4804915514592934,,PRUNED
80,80,0.522273425499232,2021-02-14 00:56:21.617123,2021-02-14 00:57:52.464688,0 days 00:01:30.847565,0.005722568480772308,10,3.185686100787203e-06,0.5397849462365591,0.5529953917050692,0.522273425499232,PRUNED
81,81,0.5004608294930876,2021-02-14 00:57:52.464852,2021-02-14 00:58:04.394722,0 days 00:00:11.929870,0.003019306346790617,5,4.1432306048850887e-05,0.5004608294930876,,,PRUNED
82,82,0.5397849462365591,2021-02-14 00:58:04.394888,2021-02-14 01:02:01.044608,0 days 00:03:56.649720,0.00021913663443292708,40,1.041278028603503e-05,0.5634408602150538,0.6337941628264209,,COMPLETE
83,83,0.4749615975422427,2021-02-14 01:02:01.045191,2021-02-14 01:02:14.462434,0 days 00:00:13.417243,0.0012880422986244779,20,1.640324912145689e-06,0.4749615975422427,,,PRUNED
84,84,0.3781874039938556,2021-02-14 01:02:14.462817,2021-02-14 01:02:32.460147,0 days 00:00:17.997330,0.0005183164950683584,15,2.8826842328558544e-07,0.3781874039938556,,,PRUNED
85,85,0.4596006144393241,2021-02-14 01:02:32.460347,2021-02-14 01:02:48.435289,0 days 00:00:15.974942,0.0007675155892368067,10,4.933623868769036e-07,0.4596006144393241,,,PRUNED
86,86,0.6276497695852534,2021-02-14 01:02:48.435490,2021-02-14 01:07:49.334347,0 days 00:05:00.898857,0.0015618075353236508,30,0.0006414786945842105,0.5526881720430108,,,COMPLETE
87,87,0.5717357910906298,2021-02-14 01:07:49.334951,2021-02-14 01:09:48.895739,0 days 00:01:59.560788,0.0014797827856854917,10,1.1058948308368243e-06,0.6288786482334869,0.5689708141321045,0.5717357910906298,PRUNED
88,88,0.4700460829493088,2021-02-14 01:09:48.895922,2021-02-14 01:11:44.429499,0 days 00:01:55.533577,0.00015330715497025745,25,5.88531251065405e-07,0.4700460829493088,,,PRUNED
89,89,0.5158218125960061,2021-02-14 01:11:44.429682,2021-02-14 01:12:22.962128,0 days 00:00:38.532446,0.0011289512534730839,25,1.3330648397690673e-07,0.5198156682027649,0.5158218125960061,,PRUNED
90,90,0.493394777265745,2021-02-14 01:12:22.962321,2021-02-14 01:13:05.401330,0 days 00:00:42.439009,0.00035150512541053667,15,6.102717376497395e-07,0.5517665130568357,0.493394777265745,,PRUNED
91,91,0.4559139784946237,2021-02-14 01:13:05.401510,2021-02-14 01:13:20.001534,0 days 00:00:14.600024,0.005383700695744892,5,1.0859180262384145e-05,0.4559139784946237,,,PRUNED
92,92,0.562826420890937,2021-02-14 01:13:20.001725,2021-02-14 01:15:15.664998,0 days 00:01:55.663273,0.003573990388024654,45,4.186027639891019e-05,0.6248847926267281,0.562826420890937,,PRUNED
93,93,0.42273425499231954,2021-02-14 01:15:15.665224,2021-02-14 01:15:31.598845,0 days 00:00:15.933621,0.002109081044664427,30,3.739617294307194e-06,0.42273425499231954,,,PRUNED
94,94,0.49523809523809526,2021-02-14 01:15:31.599061,2021-02-14 01:16:10.384776,0 days 00:00:38.785715,4.444508630873352e-05,35,0.00023138003195459584,0.49523809523809526,,,PRUNED
95,95,0.5348694316436252,2021-02-14 01:16:10.385043,2021-02-14 01:16:50.947994,0 days 00:00:40.562951,1.939822500770898e-05,35,1.2820494173130269e-05,0.5348694316436252,,,PRUNED
96,96,0.4682027649769585,2021-02-14 01:16:50.948197,2021-02-14 01:18:48.020643,0 days 00:01:57.072446,0.0014546290422986585,40,4.370197792800105e-06,0.4682027649769585,,,PRUNED
97,97,0.41259600614439323,2021-02-14 01:18:48.020825,2021-02-14 01:19:03.662394,0 days 00:00:15.641569,0.0006835995244756196,10,1.916421867236752e-06,0.41259600614439323,,,PRUNED
98,98,0.5327188940092166,2021-02-14 01:19:03.662570,2021-02-14 01:19:42.598158,0 days 00:00:38.935588,0.00028749594085468666,20,1.224118160073295e-06,0.5179723502304148,0.5327188940092166,,PRUNED
99,99,0.5500768049155146,2021-02-14 01:19:42.598396,2021-02-14 01:24:44.389394,0 days 00:05:01.790998,0.010817496105753123,5,0.0009799466635728921,0.5585253456221199,,,COMPLETE
100,100,0.49585253456221196,2021-02-14 01:24:44.390294,2021-02-14 01:24:57.858629,0 days 00:00:13.468335,0.001450331393487485,10,1.151245017697216e-06,0.49585253456221196,,,PRUNED
101,101,0.533026113671275,2021-02-14 01:24:57.858802,2021-02-14 01:25:39.033627,0 days 00:00:41.174825,0.002657230602892583,5,2.2295689468309224e-06,0.5548387096774193,0.533026113671275,,PRUNED
102,102,0.41935483870967744,2021-02-14 01:25:39.033844,2021-02-14 01:25:55.152007,0 days 00:00:16.118163,0.000962806624181036,10,8.319479024690359e-07,0.41935483870967744,,,PRUNED
103,103,0.517357910906298,2021-02-14 01:25:55.152200,2021-02-14 01:26:34.151398,0 days 00:00:38.999198,0.001455334889845608,10,7.079653662501301e-07,0.576036866359447,0.517357910906298,,PRUNED
104,104,0.5105990783410138,2021-02-14 01:26:34.151598,2021-02-14 01:31:38.098623,0 days 00:05:03.947025,0.002070770837858817,5,4.2739713485487246e-07,0.5772657450076805,0.5447004608294931,0.6073732718894009,COMPLETE
105,105,0.44915514592933947,2021-02-14 01:31:38.099779,2021-02-14 01:32:16.770690,0 days 00:00:38.670911,0.003965214815629366,5,4.104870860885097e-07,0.5583717357910907,0.44915514592933947,,PRUNED
106,106,0.4165898617511521,2021-02-14 01:32:16.770898,2021-02-14 01:32:33.486393,0 days 00:00:16.715495,0.0019199970290041818,5,1.7922156382966035e-07,0.4165898617511521,,,PRUNED
107,107,0.4344086021505376,2021-02-14 01:32:33.486588,2021-02-14 01:32:49.246326,0 days 00:00:15.759738,0.007025661828618629,5,3.080741565395434e-07,0.4344086021505376,,,PRUNED
108,108,0.4980030721966206,2021-02-14 01:32:49.246519,2021-02-14 01:33:27.595605,0 days 00:00:38.349086,1.2079717494639164e-05,35,1.6972046780120477e-05,0.4980030721966206,,,PRUNED
109,109,0.46543778801843316,2021-02-14 01:33:27.595808,2021-02-14 01:34:09.860611,0 days 00:00:42.264803,0.0002569330689365087,45,1.8487192158288415e-06,0.46543778801843316,,,PRUNED
110,110,0.4815668202764977,2021-02-14 01:34:09.860786,2021-02-14 01:34:49.871987,0 days 00:00:40.011201,4.572718245542338e-05,40,0.00013551004009815638,0.4815668202764977,,,PRUNED
111,111,0.5158218125960061,2021-02-14 01:34:49.872187,2021-02-14 01:39:52.362894,0 days 00:05:02.490707,0.0014783128778095955,5,0.0008210473242132031,0.5960061443932412,,,COMPLETE
112,112,0.48878648233486943,2021-02-14 01:39:52.363803,2021-02-14 01:40:05.479667,0 days 00:00:13.115864,0.003160631908892323,15,2.1892796887453246e-07,0.48878648233486943,,,PRUNED
113,113,0.480184331797235,2021-02-14 01:40:05.479852,2021-02-14 01:40:46.940706,0 days 00:00:41.460854,0.00011085706636560327,35,4.367670263782941e-05,0.480184331797235,,,PRUNED
114,114,0.6202764976958526,2021-02-14 01:40:46.940902,2021-02-14 01:45:49.310548,0 days 00:05:02.369646,0.0006031118291750373,50,0.0006994397604825733,0.5901689708141321,,,COMPLETE
115,115,0.4924731182795699,2021-02-14 01:45:49.311152,2021-02-14 01:46:30.471648,0 days 00:00:41.160496,0.0024202039696614172,10,4.1218161687374365e-06,0.5379416282642089,0.4924731182795699,,PRUNED
116,116,0.5142857142857142,2021-02-14 01:46:30.471842,2021-02-14 01:46:46.188047,0 days 00:00:15.716205,0.0016157519631104346,10,1.3541864099572902e-06,0.5142857142857142,,,PRUNED
117,117,0.533026113671275,2021-02-14 01:46:46.188243,2021-02-14 01:47:25.124442,0 days 00:00:38.936199,0.0005921151955750903,5,4.4893655627735024e-07,0.5880184331797235,0.533026113671275,,PRUNED
118,118,0.49953917050691243,2021-02-14 01:47:25.124744,2021-02-14 01:48:06.270428,0 days 00:00:41.145684,0.0018860885496634196,50,8.251828465337734e-06,0.49953917050691243,,,PRUNED
119,119,0.5053763440860215,2021-02-14 01:48:06.270647,2021-02-14 01:48:46.457836,0 days 00:00:40.187189,0.00029332243236744485,25,2.152716374277881e-05,0.5053763440860215,,,PRUNED
120,120,0.4946236559139785,2021-02-14 01:48:46.458042,2021-02-14 01:49:25.771952,0 days 00:00:39.313910,0.00786239063947821,45,2.198255299820378e-06,0.4946236559139785,,,PRUNED
121,121,0.4737327188940092,2021-02-14 01:49:25.772168,2021-02-14 01:49:40.952370,0 days 00:00:15.180202,0.001184769445553097,15,5.969201700660496e-07,0.4737327188940092,,,PRUNED
122,122,0.5185867895545315,2021-02-14 01:49:40.952585,2021-02-14 01:51:38.182336,0 days 00:01:57.229751,0.00012862016853898756,50,7.680286808970642e-05,0.5185867895545315,,,PRUNED
123,123,0.5112135176651306,2021-02-14 01:51:38.182520,2021-02-14 01:53:35.351177,0 days 00:01:57.168657,0.0006484006196225094,50,0.0003668918188899448,0.5112135176651306,,,PRUNED
124,124,0.4488479262672811,2021-02-14 01:53:35.351378,2021-02-14 01:53:50.560006,0 days 00:00:15.208628,0.0010103413056664805,10,6.377882719936317e-06,0.4488479262672811,,,PRUNED
125,125,0.48325652841781874,2021-02-14 01:53:50.560192,2021-02-14 01:55:46.262955,0 days 00:01:55.702763,0.0002216938965737439,40,0.00046492602097836667,0.48325652841781874,,,PRUNED
126,126,0.5035330261136712,2021-02-14 01:55:46.263222,2021-02-14 01:56:24.944366,0 days 00:00:38.681144,0.0004278185130019892,5,1.9592947484243373e-06,0.5554531490015361,0.5035330261136712,,PRUNED
127,127,0.4771121351766513,2021-02-14 01:56:24.944572,2021-02-14 01:56:41.149771,0 days 00:00:16.205199,1.036202634769717e-05,15,1.0812137655787996e-06,0.4771121351766513,,,PRUNED
128,128,0.461136712749616,2021-02-14 01:56:41.149984,2021-02-14 01:57:22.336604,0 days 00:00:41.186620,1.9591802867745288e-05,10,7.524479202170065e-07,0.461136712749616,,,PRUNED
129,129,0.4771121351766513,2021-02-14 01:57:22.336803,2021-02-14 01:57:35.545510,0 days 00:00:13.208707,0.004601799641125183,10,1.0158194523446404e-05,0.4771121351766513,,,PRUNED
130,130,0.5302611367127497,2021-02-14 01:57:35.545717,2021-02-14 01:59:33.493022,0 days 00:01:57.947305,0.0008460176382729098,30,4.2259210230627845e-05,0.6086021505376344,0.5302611367127497,,PRUNED
131,131,0.5109062980030722,2021-02-14 01:59:33.493373,2021-02-14 01:59:46.772875,0 days 00:00:13.279502,0.000748610638076251,5,2.3983647265352447e-06,0.5109062980030722,,,PRUNED
132,132,0.5059907834101383,2021-02-14 01:59:46.773075,2021-02-14 02:01:38.079376,0 days 00:01:51.306301,0.0009242509238887123,25,0.0009222218610760868,0.5059907834101383,,,PRUNED
133,133,0.5265745007680491,2021-02-14 02:01:38.079568,2021-02-14 02:02:20.771012,0 days 00:00:42.691444,0.0017676537886666495,10,3.207442526715593e-06,0.6076804915514593,0.5265745007680491,,PRUNED
134,134,0.5124423963133641,2021-02-14 02:02:20.771245,2021-02-14 02:02:34.988919,0 days 00:00:14.217674,0.002802178518880759,5,1.5629689729755975e-06,0.5124423963133641,,,PRUNED
135,135,0.5253456221198156,2021-02-14 02:02:34.989140,2021-02-14 02:04:29.578638,0 days 00:01:54.589498,0.002114505846089735,20,5.113715247236099e-06,0.5385560675883256,0.6104454685099846,0.5253456221198156,PRUNED
136,136,0.4728110599078341,2021-02-14 02:04:29.578851,2021-02-14 02:05:08.010071,0 days 00:00:38.431220,0.000590623320543922,25,8.031998950007762e-05,0.4728110599078341,,,PRUNED
137,137,0.538863287250384,2021-02-14 02:05:08.010292,2021-02-14 02:10:05.795357,0 days 00:04:57.785065,0.0023625253932422455,35,0.0009777897267700736,0.5815668202764976,,,COMPLETE
138,138,0.5382488479262673,2021-02-14 02:10:05.795965,2021-02-14 02:15:06.006373,0 days 00:05:00.210408,8.101353430124656e-05,10,0.00021395731863298255,0.5745007680491552,,,COMPLETE
139,139,0.493394777265745,2021-02-14 02:15:06.006999,2021-02-14 02:15:22.224861,0 days 00:00:16.217862,0.0018944769695274602,15,3.119770121566094e-06,0.493394777265745,,,PRUNED
140,140,0.45806451612903226,2021-02-14 02:15:22.225081,2021-02-14 02:15:37.865073,0 days 00:00:15.639992,0.0012682572287150474,15,4.3769634008816385e-06,0.45806451612903226,,,PRUNED
141,141,0.5394777265745008,2021-02-14 02:15:37.865272,2021-02-14 02:17:31.432807,0 days 00:01:53.567535,0.002151450973228012,30,0.00013542577204251013,0.5447004608294931,0.5394777265745008,,PRUNED
142,142,0.48325652841781874,2021-02-14 02:17:31.433029,2021-02-14 02:18:12.537528,0 days 00:00:41.104499,0.0016024410389936805,10,8.649054608998994e-06,0.5410138248847927,0.48325652841781874,,PRUNED
143,143,0.5324116743471582,2021-02-14 02:18:12.537718,2021-02-14 02:18:25.407907,0 days 00:00:12.870189,0.0009394550376575978,15,2.2640480602075992e-05,0.5324116743471582,,,PRUNED
144,144,0.46728110599078343,2021-02-14 02:18:25.408111,2021-02-14 02:20:22.074894,0 days 00:01:56.666783,0.0037818271163495088,25,0.000305874133064219,0.6150537634408603,0.6159754224270353,0.46728110599078343,PRUNED
145,145,0.533026113671275,2021-02-14 02:20:22.075173,2021-02-14 02:20:37.364712,0 days 00:00:15.289539,0.013249503078396938,20,2.412546905990405e-07,0.533026113671275,,,PRUNED
146,146,0.5219662058371736,2021-02-14 02:20:37.364906,2021-02-14 02:21:16.576039,0 days 00:00:39.211133,0.00040392110512400413,15,0.0007855362117096561,0.5219662058371736,,,PRUNED
147,147,0.4377880184331797,2021-02-14 02:21:16.576256,2021-02-14 02:21:32.002896,0 days 00:00:15.426640,0.0022654044427262215,5,6.779350396853465e-07,0.4377880184331797,,,PRUNED
148,148,0.5317972350230414,2021-02-14 02:21:32.003097,2021-02-14 02:23:24.320134,0 days 00:01:52.317037,0.0006573009421409915,40,2.556922412292367e-05,0.580952380952381,0.5317972350230414,,PRUNED
149,149,0.5327188940092166,2021-02-14 02:23:24.320382,2021-02-14 02:23:41.978762,0 days 00:00:17.658380,0.0005476852895445848,15,1.1975825686878956e-05,0.5327188940092166,,,PRUNED
150,150,0.49001536098310294,2021-02-14 02:23:41.978973,2021-02-14 02:23:57.815375,0 days 00:00:15.836402,0.0008179912466107593,40,5.598786954210149e-06,0.49001536098310294,,,PRUNED
151,151,0.5136712749615976,2021-02-14 02:23:57.815599,2021-02-14 02:24:34.694945,0 days 00:00:36.879346,4.8585986643310384e-05,20,8.138977256048565e-06,0.5136712749615976,,,PRUNED
152,152,0.5167434715821813,2021-02-14 02:24:34.695137,2021-02-14 02:24:51.683432,0 days 00:00:16.988295,0.0011036211836850834,10,1.812751956376022e-06,0.5167434715821813,,,PRUNED
153,153,0.48540706605222733,2021-02-14 02:24:51.683633,2021-02-14 02:25:31.027960,0 days 00:00:39.344327,0.001294863998969854,10,8.998281337900595e-07,0.591705069124424,0.48540706605222733,,PRUNED
154,154,0.5161290322580645,2021-02-14 02:25:31.028151,2021-02-14 02:26:11.697837,0 days 00:00:40.669686,0.00131046340344163,30,0.00012834760446645138,0.5161290322580645,,,PRUNED
155,155,0.49001536098310294,2021-02-14 02:26:11.698047,2021-02-14 02:26:27.234295,0 days 00:00:15.536248,0.003099503155429417,5,2.8371277715403947e-06,0.49001536098310294,,,PRUNED
156,156,0.48141321044546853,2021-02-14 02:26:27.234518,2021-02-14 02:26:41.181075,0 days 00:00:13.946557,0.0014971688538312404,10,3.647798796322694e-06,0.48141321044546853,,,PRUNED
157,157,0.5314900153609831,2021-02-14 02:26:41.181295,2021-02-14 02:28:35.592642,0 days 00:01:54.411347,0.0030054961298712386,35,1.6844823234333913e-05,0.5864823348694317,0.5314900153609831,,PRUNED
158,158,0.4153609831029186,2021-02-14 02:28:35.592847,2021-02-14 02:29:14.122226,0 days 00:00:38.529379,0.008077969949509914,20,6.26120360190681e-05,0.4153609831029186,,,PRUNED
159,159,0.5311827956989247,2021-02-14 02:29:14.122431,2021-02-14 02:31:10.291643,0 days 00:01:56.169212,0.00013462966755660528,45,0.00039067591455864534,0.5631336405529954,0.5311827956989247,,PRUNED
160,160,0.47096774193548385,2021-02-14 02:31:10.291857,2021-02-14 02:31:25.906136,0 days 00:00:15.614279,0.0006791300883226244,15,3.494843582418932e-07,0.47096774193548385,,,PRUNED
161,161,0.4448540706605223,2021-02-14 02:31:25.906388,2021-02-14 02:32:04.222158,0 days 00:00:38.315770,0.0011828686929119916,25,3.7275762889170894e-05,0.4448540706605223,,,PRUNED
162,162,0.39477726574500765,2021-02-14 02:32:04.222452,2021-02-14 02:32:44.365399,0 days 00:00:40.142947,0.00226032160743138,20,7.1574897354554905e-06,0.5333333333333333,0.39477726574500765,,PRUNED
163,163,0.5029185867895545,2021-02-14 02:32:44.365593,2021-02-14 02:34:39.169658,0 days 00:01:54.804065,0.0002546010547241198,40,1.2110881778624528e-05,0.5609831029185868,0.5029185867895545,,PRUNED
164,164,0.5158218125960061,2021-02-14 02:34:39.169980,2021-02-14 02:34:54.597198,0 days 00:00:15.427218,0.0018432967255065061,5,1.3016867466399727e-07,0.5158218125960061,,,PRUNED
165,165,0.4989247311827957,2021-02-14 02:34:54.597406,2021-02-14 02:36:47.137434,0 days 00:01:52.540028,0.008929123218446008,45,0.0008435852219929106,0.4989247311827957,,,PRUNED
166,166,0.4804915514592934,2021-02-14 02:36:47.137737,2021-02-14 02:37:28.980735,0 days 00:00:41.842998,0.0002114778889417254,40,3.9087518058241446e-06,0.4804915514592934,,,PRUNED
167,167,0.5244239631336406,2021-02-14 02:37:28.980946,2021-02-14 02:37:41.727864,0 days 00:00:12.746918,0.0009114986544389427,10,1.6245045058179153e-05,0.5244239631336406,,,PRUNED
168,168,0.5,2021-02-14 02:37:41.728075,2021-02-14 02:37:56.298555,0 days 00:00:14.570480,0.007632341949683003,30,1.3435226760027552e-06,0.5,,,PRUNED
169,169,0.5468509984639017,2021-02-14 02:37:56.298804,2021-02-14 02:42:55.820123,0 days 00:04:59.521319,0.0003977058324562966,20,5.8551713144234755e-05,0.5665130568356375,,,COMPLETE
170,170,0.5216589861751152,2021-02-14 02:42:55.820775,2021-02-14 02:44:50.283502,0 days 00:01:54.462727,0.00185270945726341,40,0.00019713567643711452,0.5216589861751152,,,PRUNED
171,171,0.44915514592933947,2021-02-14 02:44:50.283736,2021-02-14 02:45:03.827372,0 days 00:00:13.543636,0.002684374140068599,10,2.4815998067554484e-06,0.44915514592933947,,,PRUNED
172,172,0.4715821812596006,2021-02-14 02:45:03.827599,2021-02-14 02:45:20.741061,0 days 00:00:16.913462,0.004156493820114216,10,3.601196087805934e-06,0.4715821812596006,,,PRUNED
173,173,0.4399385560675883,2021-02-14 02:45:20.741276,2021-02-14 02:45:36.600056,0 days 00:00:15.858780,0.001094496649752025,5,4.685574164956009e-06,0.4399385560675883,,,PRUNED
174,174,0.522273425499232,2021-02-14 02:45:36.600271,2021-02-14 02:46:14.159581,0 days 00:00:37.559310,0.0034331710314816377,10,8.303223066393744e-06,0.5511520737327189,0.522273425499232,,PRUNED
175,175,0.5019969278033795,2021-02-14 02:46:14.159817,2021-02-14 02:46:30.702891,0 days 00:00:16.543074,0.00175833075212205,15,5.383678794303134e-07,0.5019969278033795,,,PRUNED
176,176,0.5124423963133641,2021-02-14 02:46:30.703212,2021-02-14 02:46:46.146753,0 days 00:00:15.443541,0.0013015261800163752,5,2.29110163172217e-06,0.5124423963133641,,,PRUNED
177,177,0.5032258064516129,2021-02-14 02:46:46.147001,2021-02-14 02:47:24.025296,0 days 00:00:37.878295,0.005181936928752858,10,1.1063198987171702e-06,0.5465437788018433,0.5032258064516129,,PRUNED
178,178,0.4436251920122888,2021-02-14 02:47:24.025511,2021-02-14 02:48:05.591564,0 days 00:00:41.566053,0.0024835296917891762,15,1.6978126131090593e-06,0.5391705069124424,0.4436251920122888,,PRUNED
179,179,0.5526881720430108,2021-02-14 02:48:05.591779,2021-02-14 02:49:57.446304,0 days 00:01:51.854525,0.00046232602899850763,5,7.858465339245691e-07,0.6310291858678956,0.5486943164362519,0.5526881720430108,PRUNED
180,180,0.5490015360983103,2021-02-14 02:49:57.446535,2021-02-14 02:51:54.343810,0 days 00:01:56.897275,0.00021391502514756493,5,6.898565673346821e-07,0.5775729646697388,0.5563748079877112,0.5490015360983103,PRUNED
181,181,0.469431643625192,2021-02-14 02:51:54.344037,2021-02-14 02:52:32.828937,0 days 00:00:38.484900,0.00044731111471319,5,3.9220573136606923e-07,0.5619047619047619,0.469431643625192,,PRUNED
182,182,0.5788018433179724,2021-02-14 02:52:32.829223,2021-02-14 02:57:30.757258,0 days 00:04:57.928035,0.0004001893650655625,45,6.929161163685774e-06,0.5920122887864824,0.6181259600614439,,COMPLETE
183,183,0.4497695852534562,2021-02-14 02:57:30.757963,2021-02-14 02:58:09.467449,0 days 00:00:38.709486,7.256476522251543e-05,50,5.330028115232073e-06,0.4497695852534562,,,PRUNED
184,184,0.44577572964669737,2021-02-14 02:58:09.467664,2021-02-14 02:58:23.195547,0 days 00:00:13.727883,0.00016887913961745972,5,8.298301754894605e-07,0.44577572964669737,,,PRUNED
185,185,0.4838709677419355,2021-02-14 02:58:23.195786,2021-02-14 03:03:21.826038,0 days 00:04:58.630252,0.0004227435767166777,45,3.0568563543752603e-06,0.565284178187404,0.5720430107526882,,COMPLETE
186,186,0.5130568356374808,2021-02-14 03:03:21.826665,2021-02-14 03:03:35.447407,0 days 00:00:13.620742,0.0003415815483330349,5,6.328267505442195e-07,0.5130568356374808,,,PRUNED
187,187,0.4344086021505376,2021-02-14 03:03:35.447636,2021-02-14 03:04:16.404700,0 days 00:00:40.957064,0.0003730977104502801,50,8.078736315363607e-06,0.4344086021505376,,,PRUNED
188,188,0.4792626728110599,2021-02-14 03:04:16.404990,2021-02-14 03:06:09.344234,0 days 00:01:52.939244,0.0007946607095529778,10,2.921487566154343e-05,0.4792626728110599,,,PRUNED
189,189,0.4740399385560676,2021-02-14 03:06:09.344455,2021-02-14 03:08:07.769388,0 days 00:01:58.424933,0.003464322977232173,25,0.0005077522765963275,0.4740399385560676,,,PRUNED
190,190,0.5145929339477726,2021-02-14 03:08:07.769614,2021-02-14 03:08:46.430069,0 days 00:00:38.660455,0.0007325175206728825,45,6.614247539701839e-05,0.5145929339477726,,,PRUNED
191,191,0.5179723502304148,2021-02-14 03:08:46.430298,2021-02-14 03:09:02.033232,0 days 00:00:15.602934,0.00024772881716885923,5,7.239174667731938e-07,0.5179723502304148,,,PRUNED
192,192,0.5397849462365591,2021-02-14 03:09:02.033458,2021-02-14 03:09:39.848802,0 days 00:00:37.815344,0.0013225992553775943,35,1.0918417003658935e-07,0.5397849462365591,,,PRUNED
193,193,0.44070660522273425,2021-02-14 03:09:39.849040,2021-02-14 03:11:38.343962,0 days 00:01:58.494922,0.01997315976785463,30,0.0005695410767784778,0.44070660522273425,,,PRUNED
194,194,0.3953917050691244,2021-02-14 03:11:38.344199,2021-02-14 03:13:32.162459,0 days 00:01:53.818260,0.008054898433503486,5,2.3687102902017768e-07,0.3953917050691244,,,PRUNED
195,195,0.40890937019969276,2021-02-14 03:13:32.162977,2021-02-14 03:13:48.180458,0 days 00:00:16.017481,0.0006587553541754978,5,9.708979610758347e-07,0.40890937019969276,,,PRUNED
196,196,0.5050691244239631,2021-02-14 03:13:48.180678,2021-02-14 03:14:03.879742,0 days 00:00:15.699064,7.73842448382628e-05,10,4.5006881921583057e-07,0.5050691244239631,,,PRUNED
197,197,0.5081413210445469,2021-02-14 03:14:03.879971,2021-02-14 03:14:42.378410,0 days 00:00:38.498439,0.00010106742510417166,30,1.0847586943481158e-06,0.5081413210445469,,,PRUNED
198,198,0.45130568356374806,2021-02-14 03:14:42.378830,2021-02-14 03:16:37.634697,0 days 00:01:55.255867,0.0002167121260981087,5,1.3289945088212532e-06,0.546236559139785,0.5490015360983103,0.45130568356374806,PRUNED
199,199,0.49738863287250384,2021-02-14 03:16:37.634910,2021-02-14 03:16:50.833865,0 days 00:00:13.198955,0.0006054276670206111,10,2.1290184550463523e-07,0.49738863287250384,,,PRUNED
200,200,0.584331797235023,2021-02-14 03:16:50.834094,2021-02-14 03:21:51.714989,0 days 00:05:00.880895,0.00027636309374668143,25,2.848631102313529e-07,0.5385560675883256,0.6092165898617512,0.6675883256528418,COMPLETE
201,201,0.469431643625192,2021-02-14 03:21:51.715953,2021-02-14 03:22:08.043141,0 days 00:00:16.327188,0.00038662320925897224,25,3.216473781347583e-07,0.469431643625192,,,PRUNED
202,202,0.5023041474654378,2021-02-14 03:22:08.043361,2021-02-14 03:22:23.670634,0 days 00:00:15.627273,0.0007562718444505404,25,2.6907811082963584e-07,0.5023041474654378,,,PRUNED
203,203,0.454531490015361,2021-02-14 03:22:23.670852,2021-02-14 03:22:37.892784,0 days 00:00:14.221932,0.00012160715008441116,30,5.212798529582994e-07,0.454531490015361,,,PRUNED
204,204,0.5321044546850998,2021-02-14 03:22:37.892993,2021-02-14 03:24:32.448862,0 days 00:01:54.555869,0.00017413650171225922,40,1.7830521325718106e-05,0.5695852534562212,0.5321044546850998,,PRUNED
205,205,0.458678955453149,2021-02-14 03:24:32.449085,2021-02-14 03:25:10.949546,0 days 00:00:38.500461,0.0002878799314669762,25,1.710009441302449e-07,0.5513056835637481,0.458678955453149,,PRUNED
206,206,0.48509984639016895,2021-02-14 03:25:10.949767,2021-02-14 03:25:52.860411,0 days 00:00:41.910644,0.0005310588623725479,45,1.0827113160305409e-05,0.48509984639016895,,,PRUNED
207,207,0.511520737327189,2021-02-14 03:25:52.860757,2021-02-14 03:26:29.712132,0 days 00:00:36.851375,0.00032180710698797156,40,2.993907075918902e-05,0.511520737327189,,,PRUNED
208,208,0.5,2021-02-14 03:26:29.712356,2021-02-14 03:28:26.735936,0 days 00:01:57.023580,0.011957889776056465,15,9.480105860508411e-06,0.5,,,PRUNED
209,209,0.4817204301075269,2021-02-14 03:28:26.736164,2021-02-14 03:30:19.428457,0 days 00:01:52.692293,0.004695695626208198,10,3.1668533093654867e-06,0.4817204301075269,,,PRUNED
210,210,0.5,2021-02-14 03:30:19.428721,2021-02-14 03:30:34.762568,0 days 00:00:15.333847,0.01961393749687643,20,3.668670666625764e-07,0.5,,,PRUNED
211,211,0.47956989247311826,2021-02-14 03:30:34.762809,2021-02-14 03:30:50.224475,0 days 00:00:15.461666,0.0002789505527766393,5,7.308869611983983e-07,0.47956989247311826,,,PRUNED
212,212,0.4414746543778802,2021-02-14 03:30:50.224696,2021-02-14 03:31:03.522652,0 days 00:00:13.297956,0.0004585634610218004,25,2.0111390289654137e-06,0.4414746543778802,,,PRUNED
213,213,0.4307219662058372,2021-02-14 03:31:03.522858,2021-02-14 03:31:17.047208,0 days 00:00:13.524350,0.00015537266490201005,35,2.863364672230584e-06,0.4307219662058372,,,PRUNED
214,214,0.47357910906298,2021-02-14 03:31:17.047430,2021-02-14 03:33:14.961404,0 days 00:01:57.913974,0.008133589506302375,5,4.5470124966501445e-07,0.47357910906298,,,PRUNED
215,215,0.511520737327189,2021-02-14 03:33:14.961635,2021-02-14 03:38:11.901885,0 days 00:04:56.940250,0.002958816673386663,15,0.00034592108213633626,0.5539170506912442,,,COMPLETE
216,216,0.5502304147465438,2021-02-14 03:38:11.902503,2021-02-14 03:43:09.238094,0 days 00:04:57.335591,0.004671090061056078,20,1.7537263445972202e-05,0.5502304147465438,,,COMPLETE
217,217,0.5035330261136712,2021-02-14 03:43:09.238734,2021-02-14 03:43:51.200374,0 days 00:00:41.961640,3.274134838634605e-05,35,6.426809332546402e-06,0.5035330261136712,,,PRUNED
218,218,0.4881720430107527,2021-02-14 03:43:51.200679,2021-02-14 03:44:06.493878,0 days 00:00:15.293199,0.0014316217442857616,5,1.0639549079666318e-06,0.4881720430107527,,,PRUNED
219,219,0.47250384024577574,2021-02-14 03:44:06.494095,2021-02-14 03:44:19.308906,0 days 00:00:12.814811,0.0005279350863701665,20,1.4828560956878434e-06,0.47250384024577574,,,PRUNED
220,220,0.44577572964669737,2021-02-14 03:44:19.309156,2021-02-14 03:44:33.969043,0 days 00:00:14.659887,0.001987794602068144,10,4.865478365184925e-07,0.44577572964669737,,,PRUNED
221,221,0.4698924731182796,2021-02-14 03:44:33.969378,2021-02-14 03:45:15.371886,0 days 00:00:41.402508,0.00018865426099059693,40,2.5411737375527345e-07,0.4698924731182796,,,PRUNED
222,222,0.4576036866359447,2021-02-14 03:45:15.372110,2021-02-14 03:45:28.574099,0 days 00:00:13.201989,0.00019225339167183277,5,1.6742985832030678e-07,0.4576036866359447,,,PRUNED
223,223,0.48632872503840247,2021-02-14 03:45:28.574329,2021-02-14 03:46:09.661580,0 days 00:00:41.087251,0.0001344336015067879,50,1.4232582627728205e-05,0.48632872503840247,,,PRUNED
224,224,0.5683563748079877,2021-02-14 03:46:09.661806,2021-02-14 03:48:01.415326,0 days 00:01:51.753520,0.002790492550163593,10,4.1283696276163784e-06,0.6162826420890937,0.5963133640552996,0.5683563748079877,PRUNED
225,225,0.5407066052227343,2021-02-14 03:48:01.415562,2021-02-14 03:53:00.011911,0 days 00:04:58.596349,0.0010987870315595076,45,0.00017931310949711264,0.5612903225806452,0.5729646697388633,,COMPLETE
226,226,0.44915514592933947,2021-02-14 03:53:00.012552,2021-02-14 03:54:56.134643,0 days 00:01:56.122091,0.001133434783499112,45,0.0002069868067930327,0.5563748079877112,0.44915514592933947,,PRUNED
227,227,0.5035330261136712,2021-02-14 03:54:56.134861,2021-02-14 03:55:35.694673,0 days 00:00:39.559812,0.0016433831182251194,10,4.258530056534604e-06,0.6135176651305684,0.5035330261136712,,PRUNED
228,228,0.5310291858678955,2021-02-14 03:55:35.694911,2021-02-14 04:00:34.660356,0 days 00:04:58.965445,0.005646660070175822,30,1.5853037630243433e-05,0.5619047619047619,,,COMPLETE
229,229,0.4752688172043011,2021-02-14 04:00:34.661019,2021-02-14 04:00:50.363725,0 days 00:00:15.702706,0.0008449847235574658,10,6.242286508569702e-06,0.4752688172043011,,,PRUNED
230,230,0.5182795698924731,2021-02-14 04:00:50.363988,2021-02-14 04:01:28.761318,0 days 00:00:38.397330,0.002584639220952544,50,9.750990537006659e-05,0.5182795698924731,,,PRUNED
231,231,0.5686635944700461,2021-02-14 04:01:28.761573,2021-02-14 04:06:22.782735,0 days 00:04:54.021162,0.0018910982423390552,20,0.00022342687103465712,0.6125960061443932,,,COMPLETE
232,232,0.5072196620583718,2021-02-14 04:06:22.783374,2021-02-14 04:07:04.854083,0 days 00:00:42.070709,0.0016231041879113922,50,0.0003344589077999807,0.5072196620583718,,,PRUNED
233,233,0.4313364055299539,2021-02-14 04:07:04.854483,2021-02-14 04:07:20.532831,0 days 00:00:15.678348,0.00032535612051897984,15,5.126136942669535e-06,0.4313364055299539,,,PRUNED
234,234,0.5210445468509984,2021-02-14 04:07:20.533082,2021-02-14 04:07:33.519736,0 days 00:00:12.986654,0.0029931348343871103,10,3.342738613103607e-06,0.5210445468509984,,,PRUNED
235,235,0.44823348694316434,2021-02-14 04:07:33.519967,2021-02-14 04:08:14.912202,0 days 00:00:41.392235,0.0005218952792564401,45,0.00019575069105499788,0.44823348694316434,,,PRUNED
236,236,0.5112135176651306,2021-02-14 04:08:14.912549,2021-02-14 04:08:30.523563,0 days 00:00:15.611014,0.001101035690176365,5,2.431584726193946e-06,0.5112135176651306,,,PRUNED
237,237,0.38771121351766513,2021-02-14 04:08:30.523839,2021-02-14 04:09:08.419361,0 days 00:00:37.895522,0.0009292124972485884,35,2.3432755991254832e-05,0.38771121351766513,,,PRUNED
238,238,0.4964669738863287,2021-02-14 04:09:08.419657,2021-02-14 04:09:24.171438,0 days 00:00:15.751781,0.0021460505902056275,10,8.778409698847536e-07,0.4964669738863287,,,PRUNED
239,239,0.4943164362519201,2021-02-14 04:09:24.171682,2021-02-14 04:11:17.204721,0 days 00:01:53.033039,0.002045458470944648,20,0.0001045367685418832,0.4943164362519201,,,PRUNED
240,240,0.48141321044546853,2021-02-14 04:11:17.204986,2021-02-14 04:11:33.371465,0 days 00:00:16.166479,0.0025019483079853585,5,1.7066788173199197e-06,0.48141321044546853,,,PRUNED
241,241,0.5127496159754225,2021-02-14 04:11:33.371815,2021-02-14 04:11:49.234996,0 days 00:00:15.863181,0.0009892457136314644,10,1.223428258535887e-06,0.5127496159754225,,,PRUNED
242,242,0.5348694316436252,2021-02-14 04:11:49.235236,2021-02-14 04:13:41.292347,0 days 00:01:52.057111,0.001243365032880954,20,0.00020731228544828306,0.5348694316436252,,,PRUNED
243,243,0.4847926267281106,2021-02-14 04:13:41.292583,2021-02-14 04:14:24.125623,0 days 00:00:42.833040,0.000905473739861847,40,0.0005144247365450126,0.4847926267281106,,,PRUNED
244,244,0.5612903225806452,2021-02-14 04:14:24.126039,2021-02-14 04:16:16.383604,0 days 00:01:52.257565,1.4311083905947405e-05,45,5.64478333085668e-05,0.5637480798771122,0.5612903225806452,,PRUNED
245,245,0.44270353302611365,2021-02-14 04:16:16.383861,2021-02-14 04:16:32.924143,0 days 00:00:16.540282,0.0013119485601465557,45,2.5245658149638043e-07,0.44270353302611365,,,PRUNED
246,246,0.4685099846390169,2021-02-14 04:16:32.924758,2021-02-14 04:17:11.827433,0 days 00:00:38.902675,0.003369069019134507,10,3.601142723268062e-06,0.5216589861751152,0.4685099846390169,,PRUNED
247,247,0.5250384024577573,2021-02-14 04:17:11.827684,2021-02-14 04:17:53.062886,0 days 00:00:41.235202,0.0019807341031230496,15,1.8359476419802373e-05,0.5253456221198156,0.5250384024577573,,PRUNED
248,248,0.49615975422427033,2021-02-14 04:17:53.063157,2021-02-14 04:22:50.873060,0 days 00:04:57.809903,0.000251214822120015,40,9.325078836299331e-05,0.549615975422427,0.5723502304147465,,COMPLETE
249,249,0.5290322580645161,2021-02-14 04:22:50.873713,2021-02-14 04:23:28.431246,0 days 00:00:37.557533,0.0054396529437471825,45,3.4370111590477294e-05,0.5290322580645161,,,PRUNED
250,250,0.513978494623656,2021-02-14 04:23:28.431501,2021-02-14 04:24:10.670945,0 days 00:00:42.239444,0.000690986158677609,30,6.729817042405722e-06,0.513978494623656,,,PRUNED
251,251,0.46390168970814133,2021-02-14 04:24:10.671190,2021-02-14 04:24:48.891445,0 days 00:00:38.220255,0.002772771214735068,10,2.0659037836637954e-06,0.5708141321044546,0.46390168970814133,,PRUNED
252,252,0.5314900153609831,2021-02-14 04:24:48.891716,2021-02-14 04:26:42.955602,0 days 00:01:54.063886,0.00030741860379272784,35,0.0001607046125515002,0.576036866359447,0.5314900153609831,,PRUNED
253,253,0.5133640552995392,2021-02-14 04:26:42.955824,2021-02-14 04:26:56.417783,0 days 00:00:13.461959,0.0015947943210254673,30,2.8166570363337145e-06,0.5133640552995392,,,PRUNED
254,254,0.5204301075268817,2021-02-14 04:26:56.418030,2021-02-14 04:31:54.715838,0 days 00:04:58.297808,0.004131452258758568,25,0.0006343443729406121,0.5591397849462365,,,COMPLETE
255,255,0.46390168970814133,2021-02-14 04:31:54.716547,2021-02-14 04:32:11.137705,0 days 00:00:16.421158,0.0003906674436200842,10,7.390034499778502e-06,0.46390168970814133,,,PRUNED
256,256,0.46912442396313364,2021-02-14 04:32:11.137961,2021-02-14 04:32:49.440181,0 days 00:00:38.302220,0.0023278339617604955,5,1.2602418545363727e-05,0.5367127496159754,0.46912442396313364,,PRUNED
257,257,0.5056835637480799,2021-02-14 04:32:49.440460,2021-02-14 04:33:31.132166,0 days 00:00:41.691706,6.219804316854655e-05,40,2.5624264698623295e-06,0.5056835637480799,,,PRUNED
258,258,0.5052227342549923,2021-02-14 04:33:31.132515,2021-02-14 04:35:23.052954,0 days 00:01:51.920439,0.00641513038607119,15,4.278753620194085e-06,0.5416282642089094,0.5499231950844854,0.5052227342549923,PRUNED
259,259,0.46697388632872505,2021-02-14 04:35:23.053193,2021-02-14 04:35:39.676616,0 days 00:00:16.623423,0.001853500899642674,5,6.382277307736257e-07,0.46697388632872505,,,PRUNED
260,260,0.5152073732718894,2021-02-14 04:35:39.676868,2021-02-14 04:40:37.368620,0 days 00:04:57.691752,0.0006978568208984653,20,0.00029561369739369083,0.552073732718894,,,COMPLETE
261,261,0.5176651305683564,2021-02-14 04:40:37.369277,2021-02-14 04:41:15.641344,0 days 00:00:38.272067,0.001624379931098582,45,4.707229005708826e-05,0.5176651305683564,,,PRUNED
262,262,0.4181259600614439,2021-02-14 04:41:15.641593,2021-02-14 04:41:30.970391,0 days 00:00:15.328798,0.0014034481510257102,10,3.353073742343055e-05,0.4181259600614439,,,PRUNED
263,263,0.533026113671275,2021-02-14 04:41:30.970771,2021-02-14 04:46:30.427568,0 days 00:04:59.456797,0.0026686977435667327,15,6.055448961562002e-06,0.6353302611367128,,,COMPLETE
264,264,0.5800307219662059,2021-02-14 04:46:30.428232,2021-02-14 04:51:28.928938,0 days 00:04:58.500706,0.0042516833591144994,25,1.0420330499497936e-05,0.584331797235023,0.5729646697388633,,COMPLETE
265,265,0.41996927803379414,2021-02-14 04:51:28.929602,2021-02-14 04:52:06.261592,0 days 00:00:37.331990,0.0044694964492873425,30,9.565830757080547e-06,0.41996927803379414,,,PRUNED
266,266,0.4362519201228879,2021-02-14 04:52:06.261834,2021-02-14 04:52:48.898194,0 days 00:00:42.636360,0.0022697206280300236,25,4.878082710705435e-06,0.4362519201228879,,,PRUNED
267,267,0.5,2021-02-14 04:52:48.898545,2021-02-14 04:53:03.648403,0 days 00:00:14.749858,0.008752671092148088,20,5.380383719112468e-06,0.5,,,PRUNED
268,268,0.46021505376344085,2021-02-14 04:53:03.648625,2021-02-14 04:53:42.850179,0 days 00:00:39.201554,0.0035658401404124918,25,1.9137910647783984e-05,0.46021505376344085,,,PRUNED
269,269,0.5228878648233487,2021-02-14 04:53:42.850443,2021-02-14 04:55:36.336437,0 days 00:01:53.485994,0.000496540925666601,45,0.00015376530838652458,0.5228878648233487,,,PRUNED
270,270,0.5032258064516129,2021-02-14 04:55:36.336719,2021-02-14 04:56:18.109844,0 days 00:00:41.773125,0.00207574935487313,25,4.676147491466458e-06,0.5536098310291858,0.5032258064516129,,PRUNED
271,271,0.5483870967741935,2021-02-14 04:56:18.110137,2021-02-14 05:01:17.757077,0 days 00:04:59.646940,0.006401946297511782,15,1.3692106689869277e-06,0.6138248847926268,,,COMPLETE
272,272,0.49185867895545315,2021-02-14 05:01:17.757748,2021-02-14 05:01:55.304395,0 days 00:00:37.546647,0.0045074932658241825,20,5.926028433924794e-06,0.5788018433179724,0.49185867895545315,,PRUNED
273,273,0.4792626728110599,2021-02-14 05:01:55.304768,2021-02-14 05:06:50.195314,0 days 00:04:54.890546,0.002822744990623832,25,3.7426569203584925e-06,0.5582181259600615,0.602457757296467,0.5741935483870968,COMPLETE
274,274,0.5643625192012289,2021-02-14 05:06:50.195971,2021-02-14 05:08:44.363910,0 days 00:01:54.167939,0.002881489357983048,25,2.9536093657391463e-06,0.5376344086021505,0.5600614439324116,0.5643625192012289,PRUNED
275,275,0.42795698924731185,2021-02-14 05:08:44.364160,2021-02-14 05:09:22.346750,0 days 00:00:37.982590,0.006329793373707792,20,1.4612799524757457e-05,0.42795698924731185,,,PRUNED
276,276,0.5,2021-02-14 05:09:22.347013,2021-02-14 05:10:03.672214,0 days 00:00:41.325201,0.01134096612711662,30,3.882755769205747e-06,0.5,,,PRUNED
277,277,0.5105990783410138,2021-02-14 05:10:03.672581,2021-02-14 05:15:02.260437,0 days 00:04:58.587856,0.0017608909568154812,30,0.00028854518419411224,0.5763440860215053,,,COMPLETE
278,278,0.5170506912442396,2021-02-14 05:15:02.261109,2021-02-14 05:15:15.746990,0 days 00:00:13.485881,0.003628025269894936,25,2.677552680863095e-06,0.5170506912442396,,,PRUNED
279,279,0.5016897081413211,2021-02-14 05:15:15.747215,2021-02-14 05:15:56.440514,0 days 00:00:40.693299,0.0028041177905692377,25,3.201641454767493e-06,0.5560675883256528,0.5016897081413211,,PRUNED
280,280,0.4150537634408602,2021-02-14 05:15:56.440882,2021-02-14 05:16:12.000579,0 days 00:00:15.559697,0.0002308943275018459,25,4.0760221913040107e-07,0.4150537634408602,,,PRUNED
281,281,0.4359447004608295,2021-02-14 05:16:12.000830,2021-02-14 05:16:26.022493,0 days 00:00:14.021663,0.0016630788413612432,25,2.2520992696429e-06,0.4359447004608295,,,PRUNED
282,282,0.5296466973886329,2021-02-14 05:16:26.022730,2021-02-14 05:17:05.929461,0 days 00:00:39.906731,0.0004733126197183065,35,9.826863508156144e-06,0.5296466973886329,,,PRUNED
283,283,0.3717357910906298,2021-02-14 05:17:05.929744,2021-02-14 05:17:21.243926,0 days 00:00:15.314182,0.002423407966951135,25,2.9278083783407247e-07,0.3717357910906298,,,PRUNED
284,284,0.5410138248847927,2021-02-14 05:17:21.244202,2021-02-14 05:19:13.279858,0 days 00:01:52.035656,0.00030190218163796926,10,0.000996108994556109,0.5410138248847927,,,PRUNED
285,285,0.4998463901689708,2021-02-14 05:19:13.280205,2021-02-14 05:21:09.421488,0 days 00:01:56.141283,0.0038708705053366373,30,3.861186909582368e-06,0.5402457757296467,0.5831029185867895,0.4998463901689708,PRUNED
286,286,0.4626728110599078,2021-02-14 05:21:09.421719,2021-02-14 05:23:03.278335,0 days 00:01:53.856616,0.0036790831039566966,35,1.6384993215263236e-05,0.4626728110599078,,,PRUNED
287,287,0.49216589861751153,2021-02-14 05:23:03.278592,2021-02-14 05:24:56.311498,0 days 00:01:53.032906,0.0029400507766166595,45,0.0002670066244643348,0.5877112135176651,0.49216589861751153,,PRUNED
288,288,0.4642089093701997,2021-02-14 05:24:56.311754,2021-02-14 05:25:10.802747,0 days 00:00:14.490993,0.003215045671793471,25,3.0063924022436942e-06,0.4642089093701997,,,PRUNED
289,289,0.4509984639016897,2021-02-14 05:25:10.803027,2021-02-14 05:30:08.956222,0 days 00:04:58.153195,0.002604219518357248,5,4.090409777675359e-06,0.5410138248847927,0.5781874039938556,0.5929339477726574,COMPLETE
290,290,0.5,2021-02-14 05:30:08.956930,2021-02-14 05:32:03.267399,0 days 00:01:54.310469,0.013975675305760028,20,5.1450961899759324e-05,0.5,,,PRUNED
291,291,0.48540706605222733,2021-02-14 05:32:03.267641,2021-02-14 05:32:43.783975,0 days 00:00:40.516334,0.00036569431437729217,40,7.017237817010028e-06,0.48540706605222733,,,PRUNED
292,292,0.517357910906298,2021-02-14 05:32:43.784240,2021-02-14 05:37:42.057020,0 days 00:04:58.272780,0.00101296584649817,25,9.694754510046935e-05,0.5748079877112136,,,COMPLETE
293,293,0.514900153609831,2021-02-14 05:37:42.057922,2021-02-14 05:37:57.040477,0 days 00:00:14.982555,0.0026529770350057174,5,3.6884216942339613e-06,0.514900153609831,,,PRUNED
294,294,0.5004608294930876,2021-02-14 05:37:57.040740,2021-02-14 05:42:52.534380,0 days 00:04:55.493640,0.0010671570535651046,50,0.00011245483572235932,0.5815668202764976,0.6211981566820276,,COMPLETE
295,295,0.5975422427035331,2021-02-14 05:42:52.535061,2021-02-14 05:47:50.127663,0 days 00:04:57.592602,0.00018289435584165653,5,1.8307509243321216e-06,0.6162826420890937,0.6436251920122887,0.6301075268817204,COMPLETE
296,296,0.5152073732718894,2021-02-14 05:47:50.128333,2021-02-14 05:48:32.767785,0 days 00:00:42.639452,0.0012146112512410258,5,2.108154123612418e-06,0.5456221198156682,0.5152073732718894,,PRUNED
297,297,0.5050691244239631,2021-02-14 05:48:32.768218,2021-02-14 05:49:10.316235,0 days 00:00:37.548017,0.0017355210952104021,25,1.655281326128484e-06,0.5824884792626728,0.5050691244239631,,PRUNED
298,298,0.5655913978494623,2021-02-14 05:49:10.316509,2021-02-14 05:51:06.616623,0 days 00:01:56.300114,0.00018142623650949333,5,2.4907997245741e-06,0.5769585253456221,0.6144393241167435,0.5655913978494623,PRUNED
299,299,0.48141321044546853,2021-02-14 05:51:06.616907,2021-02-14 05:52:59.886274,0 days 00:01:53.269367,0.0031798621450827916,5,2.619002233441124e-06,0.5827956989247312,0.5803379416282642,0.48141321044546853,PRUNED
300,300,0.471889400921659,2021-02-14 05:52:59.886546,2021-02-14 05:53:15.374520,0 days 00:00:15.487974,0.0001050021316742975,5,2.0237260360094997e-06,0.471889400921659,,,PRUNED
301,301,0.4218125960061444,2021-02-14 05:53:15.374856,2021-02-14 05:53:52.519545,0 days 00:00:37.144689,0.0017064717823391154,25,7.638954277879969e-05,0.4218125960061444,,,PRUNED
302,302,0.5087557603686635,2021-02-14 05:53:52.519808,2021-02-14 05:54:09.454002,0 days 00:00:16.934194,0.0021413910994087623,5,4.702092473970729e-06,0.5087557603686635,,,PRUNED
303,303,0.5357910906298003,2021-02-14 05:54:09.454281,2021-02-14 05:59:07.812381,0 days 00:04:58.358100,0.0002292118796081687,30,0.0008704576009819217,0.5812596006144394,0.6451612903225806,,COMPLETE
304,304,0.5075268817204301,2021-02-14 05:59:07.813060,2021-02-14 06:01:00.103941,0 days 00:01:52.290881,0.0003084537718877431,5,2.9315596009090248e-06,0.5600614439324116,0.5729646697388633,0.5075268817204301,PRUNED
305,305,0.46052227342549923,2021-02-14 06:01:00.104213,2021-02-14 06:01:42.289923,0 days 00:00:42.185710,0.00021896289705180874,30,0.0005791132748629707,0.46052227342549923,,,PRUNED
306,306,0.46574500768049154,2021-02-14 06:01:42.290190,2021-02-14 06:03:34.869774,0 days 00:01:52.579584,0.0005779438303149495,25,2.3385253760382113e-05,0.5622119815668203,0.46574500768049154,,PRUNED
307,307,0.6866359447004609,2021-02-14 06:03:34.870155,2021-02-14 06:08:29.469904,0 days 00:04:54.599749,9.825148894197247e-05,35,0.0008890185085937116,0.6466973886328725,0.6104454685099846,,COMPLETE
308,308,0.38433179723502303,2021-02-14 06:08:29.470597,2021-02-14 06:08:43.004998,0 days 00:00:13.534401,0.00020062967964609845,5,4.022570722889255e-06,0.38433179723502303,,,PRUNED
309,309,0.5284178187403994,2021-02-14 06:08:43.005261,2021-02-14 06:09:25.988956,0 days 00:00:42.983695,0.00015328379438031084,35,1.4164579939378347e-05,0.5284178187403994,,,PRUNED
310,310,0.4706605222734255,2021-02-14 06:09:25.989231,2021-02-14 06:11:20.359831,0 days 00:01:54.370600,0.00661036871237042,15,9.817146990172368e-07,0.4706605222734255,,,PRUNED
311,311,0.5317972350230414,2021-02-14 06:11:20.360159,2021-02-14 06:12:00.307400,0 days 00:00:39.947241,7.700283652102025e-05,40,2.807404822880084e-05,0.5317972350230414,,,PRUNED
312,312,0.5284178187403994,2021-02-14 06:12:00.307663,2021-02-14 06:12:41.116374,0 days 00:00:40.808711,0.00011330890007882154,35,1.1214309295572953e-05,0.5284178187403994,,,PRUNED
313,313,0.48878648233486943,2021-02-14 06:12:41.116750,2021-02-14 06:12:56.871367,0 days 00:00:15.754617,0.001503233250058369,5,1.367769636734807e-06,0.48878648233486943,,,PRUNED
314,314,0.44608294930875575,2021-02-14 06:12:56.871626,2021-02-14 06:13:35.354245,0 days 00:00:38.482619,0.0001322333295162133,10,1.746995291670006e-06,0.56036866359447,0.44608294930875575,,PRUNED
315,315,0.5124423963133641,2021-02-14 06:13:35.354522,2021-02-14 06:13:51.522697,0 days 00:00:16.168175,0.0005294670664021772,25,9.912597523046764e-06,0.5124423963133641,,,PRUNED
316,316,0.45837173579109064,2021-02-14 06:13:51.522955,2021-02-14 06:14:29.579539,0 days 00:00:38.056584,2.4968520923884004e-05,45,0.0001609245785067636,0.45837173579109064,,,PRUNED
317,317,0.5001536098310292,2021-02-14 06:14:29.579828,2021-02-14 06:15:12.044813,0 days 00:00:42.464985,3.6983839461891366e-05,45,4.7475874404510185e-05,0.5001536098310292,,,PRUNED
318,318,0.5078341013824885,2021-02-14 06:15:12.045148,2021-02-14 06:15:26.731065,0 days 00:00:14.685917,0.00016723855383872204,5,2.413229423531998e-06,0.5078341013824885,,,PRUNED
319,319,0.5410138248847927,2021-02-14 06:15:26.731322,2021-02-14 06:17:22.269151,0 days 00:01:55.537829,0.00025504679663015674,10,3.3663099959489274e-06,0.5480798771121351,0.5533026113671276,0.5410138248847927,PRUNED
320,320,0.5,2021-02-14 06:17:22.269421,2021-02-14 06:19:14.560388,0 days 00:01:52.290967,0.005105357481879548,5,2.4649624865625533e-06,0.5397849462365591,0.558678955453149,0.5,PRUNED
321,321,0.6233486943164362,2021-02-14 06:19:14.560688,2021-02-14 06:24:17.457558,0 days 00:05:02.896870,5.969424049489706e-05,40,5.797818162164216e-06,0.5789554531490015,0.5769585253456221,,COMPLETE
322,322,0.5674347158218126,2021-02-14 06:24:17.458223,2021-02-14 06:26:10.479410,0 days 00:01:53.021187,9.197644589210473e-05,40,5.417629339695269e-06,0.5708141321044546,0.5674347158218126,,PRUNED
323,323,0.3898617511520737,2021-02-14 06:26:10.479698,2021-02-14 06:26:53.863711,0 days 00:00:43.384013,0.00011836023765380142,35,4.404358053607104e-06,0.3898617511520737,,,PRUNED
324,324,0.4875576036866359,2021-02-14 06:26:53.864011,2021-02-14 06:27:32.372990,0 days 00:00:38.508979,5.137457951689236e-05,40,3.1999311008805863e-06,0.4875576036866359,,,PRUNED
325,325,0.4433179723502304,2021-02-14 06:27:32.373338,2021-02-14 06:27:48.089489,0 days 00:00:15.716151,0.00014726618669279857,30,1.0893186293562595e-06,0.4433179723502304,,,PRUNED
326,326,0.5308755760368664,2021-02-14 06:27:48.089783,2021-02-14 06:28:03.709347,0 days 00:00:15.619564,0.0023458209198609216,10,6.4842238433969255e-06,0.5308755760368664,,,PRUNED
327,327,0.4574500768049155,2021-02-14 06:28:03.709629,2021-02-14 06:28:16.883091,0 days 00:00:13.173462,0.0002019375219415434,5,8.558843838479982e-07,0.4574500768049155,,,PRUNED
328,328,0.5075268817204301,2021-02-14 06:28:16.883365,2021-02-14 06:28:57.806003,0 days 00:00:40.922638,0.00017202952145853453,45,8.358179018765061e-06,0.5075268817204301,,,PRUNED
329,329,0.4626728110599078,2021-02-14 06:28:57.806273,2021-02-14 06:29:13.287548,0 days 00:00:15.481275,0.00018563566185182716,5,5.664987550221982e-07,0.4626728110599078,,,PRUNED
330,330,0.5,2021-02-14 06:29:13.287865,2021-02-14 06:31:07.621319,0 days 00:01:54.333454,0.011176008999233406,15,2.9011367237620806e-06,0.5,,,PRUNED
331,331,0.42427035330261137,2021-02-14 06:31:07.621589,2021-02-14 06:31:46.597525,0 days 00:00:38.975936,5.949039919730207e-05,40,2.0184708688360686e-05,0.42427035330261137,,,PRUNED
332,332,0.40153609831029186,2021-02-14 06:31:46.597797,2021-02-14 06:32:27.897252,0 days 00:00:41.299455,1.573422434113314e-05,50,6.205594350008767e-06,0.40153609831029186,,,PRUNED
333,333,0.549615975422427,2021-02-14 06:32:27.897648,2021-02-14 06:37:28.579176,0 days 00:05:00.681528,0.0066215286591363,25,1.8923341342052283e-06,0.5989247311827957,,,COMPLETE
334,334,0.514900153609831,2021-02-14 06:37:28.579841,2021-02-14 06:38:08.715097,0 days 00:00:40.135256,0.00022970197250091743,5,2.1353500753771701e-07,0.5772657450076805,0.514900153609831,,PRUNED
335,335,0.511520737327189,2021-02-14 06:38:08.715371,2021-02-14 06:40:02.407494,0 days 00:01:53.692123,0.0028515822023469184,5,1.477216032645934e-06,0.6168970814132104,0.5975422427035331,0.511520737327189,PRUNED
336,336,0.5,2021-02-14 06:40:02.407771,2021-02-14 06:42:01.283676,0 days 00:01:58.875905,0.016833451133118602,25,0.0006435460983775225,0.5,,,PRUNED
337,337,0.5,2021-02-14 06:42:01.283961,2021-02-14 06:42:14.422198,0 days 00:00:13.138237,0.012949804885919241,5,4.422852764788016e-07,0.5,,,PRUNED
338,338,0.4847926267281106,2021-02-14 06:42:14.422463,2021-02-14 06:42:28.745473,0 days 00:00:14.323010,0.001997147717636837,10,7.76022091464398e-07,0.4847926267281106,,,PRUNED
339,339,0.5278033794162826,2021-02-14 06:42:28.745760,2021-02-14 06:43:11.903435,0 days 00:00:43.157675,1.0291956047533062e-05,45,1.2515643139356964e-05,0.5278033794162826,,,PRUNED
340,340,0.5090629800307219,2021-02-14 06:43:11.903706,2021-02-14 06:45:07.123380,0 days 00:01:55.219674,0.0011140066789161892,25,1.9721940338199785e-06,0.5867895545314901,0.5695852534562212,0.5090629800307219,PRUNED
341,341,0.45284178187403995,2021-02-14 06:45:07.123726,2021-02-14 06:45:23.415591,0 days 00:00:16.291865,0.00010725339331495027,20,3.1336444187884394e-06,0.45284178187403995,,,PRUNED
342,342,0.543778801843318,2021-02-14 06:45:23.415895,2021-02-14 06:50:22.379041,0 days 00:04:58.963146,0.0026872852170191286,30,1.4991488558934032e-06,0.5619047619047619,,,COMPLETE
343,343,0.48878648233486943,2021-02-14 06:50:22.379733,2021-02-14 06:51:04.635734,0 days 00:00:42.256001,0.00039623505815904327,5,4.264670384944341e-06,0.5533026113671276,0.48878648233486943,,PRUNED
344,344,0.4599078341013825,2021-02-14 06:51:04.636070,2021-02-14 06:56:04.474632,0 days 00:04:59.838562,0.0007827007717242471,35,7.999421015639646e-06,0.5588325652841782,0.5867895545314901,,COMPLETE
345,345,0.45806451612903226,2021-02-14 06:56:04.475354,2021-02-14 06:56:18.077812,0 days 00:00:13.602458,0.0017934024391950735,5,9.461740276259938e-07,0.45806451612903226,,,PRUNED
346,346,0.5351766513056836,2021-02-14 06:56:18.078084,2021-02-14 06:56:35.331504,0 days 00:00:17.253420,0.00035233297401193877,10,3.692053245362546e-06,0.5351766513056836,,,PRUNED
347,347,0.45130568356374806,2021-02-14 06:56:35.331806,2021-02-14 06:56:51.054358,0 days 00:00:15.722552,0.00030546995259092557,10,3.1376727071185607e-06,0.45130568356374806,,,PRUNED
348,348,0.4021505376344086,2021-02-14 06:56:51.054652,2021-02-14 06:57:28.470650,0 days 00:00:37.415998,2.3187926134926585e-05,20,1.729850564210127e-06,0.4021505376344086,,,PRUNED
349,349,0.45161290322580644,2021-02-14 06:57:28.470970,2021-02-14 06:57:45.729810,0 days 00:00:17.258840,0.0002505882433704678,10,5.326694035048163e-06,0.45161290322580644,,,PRUNED
350,350,0.5456221198156682,2021-02-14 06:57:45.730148,2021-02-14 06:59:39.302955,0 days 00:01:53.572807,3.567832440149298e-05,15,9.549505335617304e-06,0.5499231950844854,0.5456221198156682,,PRUNED
351,351,0.5751152073732719,2021-02-14 06:59:39.303226,2021-02-14 07:04:42.096956,0 days 00:05:02.793730,0.00021952229963661241,30,0.0005995040124059756,0.6605222734254992,0.5732718894009217,,COMPLETE
352,352,0.40522273425499233,2021-02-14 07:04:42.097713,2021-02-14 07:05:21.394183,0 days 00:00:39.296470,0.0001461332514501064,30,0.0007465267211927467,0.40522273425499233,,,PRUNED
353,353,0.4807987711213518,2021-02-14 07:05:21.394470,2021-02-14 07:06:02.318158,0 days 00:00:40.923688,0.00029599464768006176,30,0.0006402161818176291,0.4807987711213518,,,PRUNED
354,354,0.5324116743471582,2021-02-14 07:06:02.318441,2021-02-14 07:06:40.214990,0 days 00:00:37.896549,0.00035330861848119474,35,0.0003134827019862273,0.5324116743471582,,,PRUNED
355,355,0.514900153609831,2021-02-14 07:06:40.215276,2021-02-14 07:08:32.846201,0 days 00:01:52.630925,0.001383227910379038,20,2.185314890147352e-06,0.514900153609831,,,PRUNED
356,356,0.49216589861751153,2021-02-14 07:08:32.846649,2021-02-14 07:09:14.960943,0 days 00:00:42.114294,0.00019717088790544764,25,1.644786618673685e-05,0.49216589861751153,,,PRUNED
357,357,0.5207373271889401,2021-02-14 07:09:14.961236,2021-02-14 07:09:53.306307,0 days 00:00:38.345071,0.001405086256150679,45,4.538580519352725e-06,0.5207373271889401,,,PRUNED
358,358,0.5124423963133641,2021-02-14 07:09:53.306617,2021-02-14 07:11:47.240012,0 days 00:01:53.933395,8.572161444893982e-05,40,3.266320914788533e-05,0.5563748079877112,0.5124423963133641,,PRUNED
359,359,0.5087557603686635,2021-02-14 07:11:47.240269,2021-02-14 07:12:00.623129,0 days 00:00:13.382860,0.0001854480825916532,10,2.6923555846276235e-06,0.5087557603686635,,,PRUNED
360,360,0.44930875576036866,2021-02-14 07:12:00.623416,2021-02-14 07:13:56.605177,0 days 00:01:55.981761,0.004910563405434353,35,6.0192824101440986e-06,0.44930875576036866,,,PRUNED
361,361,0.5268817204301075,2021-02-14 07:13:56.605478,2021-02-14 07:18:53.926591,0 days 00:04:57.321113,0.0020788696360157337,25,3.35591406691697e-05,0.6178187403993856,,,COMPLETE
362,362,0.5551459293394777,2021-02-14 07:18:53.927302,2021-02-14 07:23:49.948995,0 days 00:04:56.021693,0.00044685298031809067,30,0.0004291235252665769,0.5929339477726574,0.5910906298003072,,COMPLETE
363,363,0.5459293394777266,2021-02-14 07:23:49.949671,2021-02-14 07:28:47.326649,0 days 00:04:57.376978,0.0032417622299557858,20,0.00040231313325136313,0.56036866359447,,,COMPLETE
364,364,0.5164362519201229,2021-02-14 07:28:47.327334,2021-02-14 07:30:44.180336,0 days 00:01:56.853002,0.0004530607234233642,30,0.0003775013867571353,0.5904761904761905,0.5164362519201229,,PRUNED
365,365,0.523963133640553,2021-02-14 07:30:44.180628,2021-02-14 07:31:21.182067,0 days 00:00:37.001439,0.00026414315994850295,10,3.164866975251958e-07,0.556989247311828,0.523963133640553,,PRUNED
366,366,0.5382488479262673,2021-02-14 07:31:21.182322,2021-02-14 07:33:18.546449,0 days 00:01:57.364127,0.0011719774003048089,30,1.2510906612240289e-05,0.5382488479262673,,,PRUNED
367,367,0.5069124423963134,2021-02-14 07:33:18.546758,2021-02-14 07:33:32.003604,0 days 00:00:13.456846,0.00022686507736300313,25,3.462864837944537e-06,0.5069124423963134,,,PRUNED
368,368,0.45683563748079875,2021-02-14 07:33:32.003862,2021-02-14 07:33:45.452948,0 days 00:00:13.449086,0.00047672332767384967,10,1.5742488201454106e-05,0.45683563748079875,,,PRUNED
369,369,0.5268817204301075,2021-02-14 07:33:45.453229,2021-02-14 07:34:02.413679,0 days 00:00:16.960450,0.00014385294541474633,15,6.581188480690156e-07,0.5268817204301075,,,PRUNED
370,370,0.48202764976958523,2021-02-14 07:34:02.413967,2021-02-14 07:34:18.054372,0 days 00:00:15.640405,0.002375888000926529,5,4.8319843470618755e-06,0.48202764976958523,,,PRUNED
371,371,0.5019969278033795,2021-02-14 07:34:18.054690,2021-02-14 07:34:33.522390,0 days 00:00:15.467700,0.0008897365006939768,10,2.1218739195230436e-06,0.5019969278033795,,,PRUNED
372,372,0.4594470046082949,2021-02-14 07:34:33.522683,2021-02-14 07:36:26.544247,0 days 00:01:53.021564,0.0065627951282481835,10,1.111442681971857e-06,0.4594470046082949,,,PRUNED
373,373,0.47649769585253454,2021-02-14 07:36:26.544536,2021-02-14 07:37:06.689402,0 days 00:00:40.144866,0.0006212712862236325,30,0.000991872268537137,0.47649769585253454,,,PRUNED
374,374,0.5090629800307219,2021-02-14 07:37:06.689692,2021-02-14 07:37:19.874555,0 days 00:00:13.184863,0.0035179429423925373,10,3.901446464564357e-06,0.5090629800307219,,,PRUNED
375,375,0.4153609831029186,2021-02-14 07:37:19.874846,2021-02-14 07:37:36.470164,0 days 00:00:16.595318,0.0025405826670972897,10,3.0076836268343966e-06,0.4153609831029186,,,PRUNED
376,376,0.5,2021-02-14 07:37:36.470558,2021-02-14 07:39:31.411442,0 days 00:01:54.940884,0.010399925825713318,20,8.07798117293558e-07,0.5,,,PRUNED
377,377,0.49615975422427033,2021-02-14 07:39:31.411705,2021-02-14 07:41:25.403739,0 days 00:01:53.992034,0.006627284404728793,15,2.092713350066524e-06,0.49615975422427033,,,PRUNED
378,378,0.5047619047619047,2021-02-14 07:41:25.404028,2021-02-14 07:43:18.060175,0 days 00:01:52.656147,0.0005201458528619416,25,3.087975186722232e-07,0.5047619047619047,,,PRUNED
379,379,0.4552995391705069,2021-02-14 07:43:18.060459,2021-02-14 07:43:59.674805,0 days 00:00:41.614346,0.0020956281872188272,5,2.418465462932009e-06,0.6227342549923195,0.4552995391705069,,PRUNED
380,380,0.5195084485407067,2021-02-14 07:43:59.675097,2021-02-14 07:44:36.709380,0 days 00:00:37.034283,0.00012954669371712863,25,0.0005179350560313953,0.5195084485407067,,,PRUNED
381,381,0.5287250384024578,2021-02-14 07:44:36.709669,2021-02-14 07:45:19.185627,0 days 00:00:42.475958,0.00016757980176290447,30,0.00041301184766532483,0.5287250384024578,,,PRUNED
382,382,0.5585253456221199,2021-02-14 07:45:19.185911,2021-02-14 07:47:11.886719,0 days 00:01:52.700808,0.00010221008145934361,35,0.0002574555936187067,0.6236559139784946,0.5585253456221199,,PRUNED
383,383,0.48847926267281105,2021-02-14 07:47:11.887030,2021-02-14 07:49:07.420464,0 days 00:01:55.533434,0.004675630768458808,50,5.739105112748825e-06,0.48847926267281105,,,PRUNED
384,384,0.5434715821812596,2021-02-14 07:49:07.420759,2021-02-14 07:54:02.727720,0 days 00:04:55.306961,0.0002696566828553524,25,0.00016867203923266115,0.5794162826420891,0.5944700460829493,,COMPLETE
385,385,0.5536098310291858,2021-02-14 07:54:02.728442,2021-02-14 07:55:57.633101,0 days 00:01:54.904659,0.0002586857514757709,25,0.00018981328600922509,0.565284178187404,0.5536098310291858,,PRUNED
386,386,0.5153609831029186,2021-02-14 07:55:57.633395,2021-02-14 07:57:49.456440,0 days 00:01:51.823045,0.014408952000225355,5,0.0007566104511502977,0.5153609831029186,,,PRUNED
387,387,0.4728110599078341,2021-02-14 07:57:49.456727,2021-02-14 07:58:31.765831,0 days 00:00:42.309104,0.0004203686099460409,25,0.000473471068336579,0.4728110599078341,,,PRUNED
388,388,0.522273425499232,2021-02-14 07:58:31.766157,2021-02-14 08:00:23.689012,0 days 00:01:51.922855,0.001691026098326879,20,1.642525852076686e-06,0.522273425499232,,,PRUNED
389,389,0.5597542242703533,2021-02-14 08:00:23.689359,2021-02-14 08:02:20.490580,0 days 00:01:56.801221,0.0005076250383988155,25,0.00014622724071145995,0.5886328725038402,0.5597542242703533,,PRUNED
390,390,0.39078341013824885,2021-02-14 08:02:20.490895,2021-02-14 08:02:59.054189,0 days 00:00:38.563294,0.0009475990349607779,30,0.00030805548069551015,0.39078341013824885,,,PRUNED
391,391,0.3935483870967742,2021-02-14 08:02:59.054502,2021-02-14 08:03:14.866986,0 days 00:00:15.812484,0.0028769760458961,15,4.365040751232043e-06,0.3935483870967742,,,PRUNED
392,392,0.4695852534562212,2021-02-14 08:03:14.867324,2021-02-14 08:05:07.072812,0 days 00:01:52.205488,0.009110454814353767,25,0.0004762888710175287,0.4695852534562212,,,PRUNED
393,393,0.41351766513056837,2021-02-14 08:05:07.073124,2021-02-14 08:07:04.166798,0 days 00:01:57.093674,1.4223173968761923e-05,15,2.0326704502375202e-07,0.41351766513056837,,,PRUNED
394,394,0.46390168970814133,2021-02-14 08:07:04.167136,2021-02-14 08:07:17.687835,0 days 00:00:13.520699,0.0014921113664473319,5,3.6246168217404524e-06,0.46390168970814133,,,PRUNED
395,395,0.5093701996927803,2021-02-14 08:07:17.688102,2021-02-14 08:07:31.037535,0 days 00:00:13.349433,0.00394900471713443,10,1.7051976398346633e-06,0.5093701996927803,,,PRUNED
396,396,0.4270353302611367,2021-02-14 08:07:31.037828,2021-02-14 08:08:13.229150,0 days 00:00:42.191322,0.0022097435123879976,25,0.00010809023903731131,0.4270353302611367,,,PRUNED
397,397,0.4715821812596006,2021-02-14 08:08:13.229457,2021-02-14 08:08:50.620519,0 days 00:00:37.391062,0.0002837274828659533,30,7.556793457693703e-05,0.4715821812596006,,,PRUNED
398,398,0.5164362519201229,2021-02-14 08:08:50.620837,2021-02-14 08:09:33.396033,0 days 00:00:42.775196,0.00023069476463200003,45,0.0007513706478904508,0.5164362519201229,,,PRUNED
399,399,0.5,2021-02-14 08:09:33.396360,2021-02-14 08:11:09.916008,0 days 00:01:36.519648,0.018489832510721546,45,0.000990447940499529,0.5439324116743471,0.5,,PRUNED
400,400,0.5339477726574501,2021-02-14 08:11:09.916304,2021-02-14 08:11:41.281522,0 days 00:00:31.365218,0.00035332406712230204,40,0.00022376669266992698,0.5339477726574501,,,PRUNED
401,401,0.5284178187403994,2021-02-14 08:11:41.281818,2021-02-14 08:13:11.407061,0 days 00:01:30.125243,0.003924937080976903,20,5.869375326619713e-07,0.5284178187403994,,,PRUNED
402,402,0.49370199692780337,2021-02-14 08:13:11.407331,2021-02-14 08:13:42.999314,0 days 00:00:31.591983,0.00020719546427012102,30,0.0001772416687874671,0.49370199692780337,,,PRUNED
403,403,0.5284178187403994,2021-02-14 08:13:42.999596,2021-02-14 08:15:13.382077,0 days 00:01:30.382481,0.0007202313175067589,45,0.00011831191418233851,0.5422427035330261,0.5284178187403994,,PRUNED
404,404,0.5208909370199692,2021-02-14 08:15:13.382391,2021-02-14 08:16:43.332444,0 days 00:01:29.950053,0.01983588058224244,10,4.714061401485139e-07,0.5208909370199692,,,PRUNED
405,405,0.45161290322580644,2021-02-14 08:16:43.332727,2021-02-14 08:16:55.157104,0 days 00:00:11.824377,0.0006106924916830272,5,2.6921429708623387e-06,0.45161290322580644,,,PRUNED
406,406,0.5204301075268817,2021-02-14 08:16:55.157387,2021-02-14 08:20:50.182447,0 days 00:03:55.025060,0.006522452092772275,15,2.29216555350316e-05,0.5497695852534562,,,COMPLETE
407,407,0.5136712749615976,2021-02-14 08:20:50.183167,2021-02-14 08:21:01.978881,0 days 00:00:11.795714,0.001817111241344448,10,2.4107734881025778e-05,0.5136712749615976,,,PRUNED
408,408,0.5274961597542243,2021-02-14 08:21:01.979157,2021-02-14 08:21:13.829572,0 days 00:00:11.850415,0.001302196185933996,10,5.270730538526725e-07,0.5274961597542243,,,PRUNED
409,409,0.48448540706605225,2021-02-14 08:21:13.829868,2021-02-14 08:22:43.963707,0 days 00:01:30.133839,0.0003229810879692003,35,0.000631675055234534,0.5612903225806452,0.48448540706605225,,PRUNED
410,410,0.4348694316436252,2021-02-14 08:22:43.964003,2021-02-14 08:22:55.791620,0 days 00:00:11.827617,0.00027032572690995917,5,3.8015285482308066e-07,0.4348694316436252,,,PRUNED
411,411,0.4930875576036866,2021-02-14 08:22:55.791917,2021-02-14 08:24:25.761373,0 days 00:01:29.969456,0.0022158966614773713,20,5.415643550480386e-06,0.5797235023041475,0.6159754224270353,0.4930875576036866,PRUNED
412,412,0.5480798771121351,2021-02-14 08:24:25.761695,2021-02-14 08:24:57.150394,0 days 00:00:31.388699,0.0029596447134154647,25,4.778423550423297e-06,0.5582181259600615,0.5480798771121351,,PRUNED
413,413,0.4399385560675883,2021-02-14 08:24:57.150695,2021-02-14 08:25:08.963705,0 days 00:00:11.813010,0.0020765170299115957,20,6.571222708549053e-06,0.4399385560675883,,,PRUNED
414,414,0.4771121351766513,2021-02-14 08:25:08.963984,2021-02-14 08:25:40.467787,0 days 00:00:31.503803,0.00015897597001978886,20,7.66841962858974e-06,0.4771121351766513,,,PRUNED
415,415,0.4273425499231951,2021-02-14 08:25:40.468100,2021-02-14 08:27:10.788117,0 days 00:01:30.320017,0.007995744458291366,15,1.0572688059679179e-07,0.4273425499231951,,,PRUNED
416,416,0.5720430107526882,2021-02-14 08:27:10.788444,2021-02-14 08:28:40.507418,0 days 00:01:29.718974,0.00026641233197314445,50,5.739344448975714e-06,0.5597542242703533,0.5720430107526882,,PRUNED
417,417,0.47465437788018433,2021-02-14 08:28:40.507709,2021-02-14 08:28:52.330291,0 days 00:00:11.822582,0.00016538526697083657,20,3.293691263800039e-06,0.47465437788018433,,,PRUNED
418,418,0.42334869431643624,2021-02-14 08:28:52.330600,2021-02-14 08:29:04.295468,0 days 00:00:11.964868,0.0025975051813909994,15,8.536393496287e-06,0.42334869431643624,,,PRUNED
419,419,0.46881720430107526,2021-02-14 08:29:04.295803,2021-02-14 08:29:16.113789,0 days 00:00:11.817986,0.0015665602412852126,15,3.981975032302586e-06,0.46881720430107526,,,PRUNED
420,420,0.5241167434715822,2021-02-14 08:29:16.114176,2021-02-14 08:33:11.374467,0 days 00:03:55.260291,0.0031775724278500154,25,5.193808218615297e-06,0.5450076804915515,0.5631336405529954,0.6,COMPLETE
421,421,0.4869431643625192,2021-02-14 08:33:11.375209,2021-02-14 08:33:23.295577,0 days 00:00:11.920368,0.0031173799226617664,25,1.1712694176506924e-06,0.4869431643625192,,,PRUNED
422,422,0.5493087557603686,2021-02-14 08:33:23.295898,2021-02-14 08:37:18.375376,0 days 00:03:55.079478,6.179495257187652e-05,35,9.886276367594757e-06,0.6442396313364055,0.6178187403993856,,COMPLETE
423,423,0.447926267281106,2021-02-14 08:37:18.376059,2021-02-14 08:37:30.168976,0 days 00:00:11.792917,0.00426082983243307,25,2.3108450104552776e-06,0.447926267281106,,,PRUNED
424,424,0.5038402457757296,2021-02-14 08:37:30.169278,2021-02-14 08:37:41.994638,0 days 00:00:11.825360,0.003370631802436761,25,3.2756422508006725e-06,0.5038402457757296,,,PRUNED
425,425,0.4552995391705069,2021-02-14 08:37:41.994938,2021-02-14 08:38:13.513827,0 days 00:00:31.518889,2.84184201697055e-05,35,1.1469216655794508e-05,0.4552995391705069,,,PRUNED
426,426,0.49523809523809526,2021-02-14 08:38:13.514136,2021-02-14 08:38:25.299966,0 days 00:00:11.785830,0.002515423479234876,25,5.157313137015249e-06,0.49523809523809526,,,PRUNED
427,427,0.47772657450076805,2021-02-14 08:38:25.300258,2021-02-14 08:38:56.607462,0 days 00:00:31.307204,5.2744325013867045e-05,35,1.541248095034742e-05,0.47772657450076805,,,PRUNED
428,428,0.4857142857142857,2021-02-14 08:38:56.607737,2021-02-14 08:39:28.118495,0 days 00:00:31.510758,8.631793600447473e-05,40,1.0045350812411064e-05,0.4857142857142857,,,PRUNED
429,429,0.4380952380952381,2021-02-14 08:39:28.118779,2021-02-14 08:39:39.944837,0 days 00:00:11.826058,0.0017809891372358596,25,5.658879250779233e-06,0.4380952380952381,,,PRUNED
430,430,0.528110599078341,2021-02-14 08:39:39.945130,2021-02-14 08:39:51.725141,0 days 00:00:11.780011,0.002367697789345041,25,4.406993949174976e-06,0.528110599078341,,,PRUNED
431,431,0.46021505376344085,2021-02-14 08:39:51.725427,2021-02-14 08:40:23.138106,0 days 00:00:31.412679,5.9596163492686007e-05,30,1.3382667107251022e-05,0.46021505376344085,,,PRUNED
432,432,0.46144393241167436,2021-02-14 08:40:23.138407,2021-02-14 08:40:34.913834,0 days 00:00:11.775427,0.00020452000344878631,20,2.4230470602436407e-07,0.46144393241167436,,,PRUNED
433,433,0.4448540706605223,2021-02-14 08:40:34.914114,2021-02-14 08:40:46.852837,0 days 00:00:11.938723,0.001985773855700283,5,2.8897526215462116e-06,0.4448540706605223,,,PRUNED
434,434,0.5167434715821813,2021-02-14 08:40:46.853148,2021-02-14 08:40:58.677058,0 days 00:00:11.823910,0.002696842304188229,10,6.623111507945136e-06,0.5167434715821813,,,PRUNED
435,435,0.5,2021-02-14 08:40:58.677363,2021-02-14 08:41:10.488644,0 days 00:00:11.811281,0.015697660153771994,5,3.772448174704164e-06,0.5,,,PRUNED
436,436,0.5391705069124424,2021-02-14 08:41:10.488953,2021-02-14 08:41:41.909762,0 days 00:00:31.420809,0.0034358336096077255,30,7.247708051521395e-07,0.5634408602150538,0.5391705069124424,,PRUNED
437,437,0.49585253456221196,2021-02-14 08:41:41.910065,2021-02-14 08:42:13.232124,0 days 00:00:31.322059,0.0007611108456886963,15,1.8356879080892767e-06,0.5763440860215053,0.49585253456221196,,PRUNED
438,438,0.47619047619047616,2021-02-14 08:42:13.232434,2021-02-14 08:42:25.165958,0 days 00:00:11.933524,0.0013707093078149921,10,1.9943994915256407e-07,0.47619047619047616,,,PRUNED
439,439,0.5,2021-02-14 08:42:25.166295,2021-02-14 08:42:37.057427,0 days 00:00:11.891132,0.011028819286049712,10,3.4253022048405718e-06,0.5,,,PRUNED
440,440,0.5,2021-02-14 08:42:37.057709,2021-02-14 08:42:48.850599,0 days 00:00:11.792890,0.008916728536487114,10,2.5951727499962644e-06,0.5,,,PRUNED
441,441,0.4291858678955453,2021-02-14 08:42:48.850877,2021-02-14 08:43:00.679438,0 days 00:00:11.828561,0.005368390904282512,10,4.3491140545516395e-06,0.4291858678955453,,,PRUNED
442,442,0.4448540706605223,2021-02-14 08:43:00.679780,2021-02-14 08:44:30.983525,0 days 00:01:30.303745,0.0008483906651048413,20,1.4617458369420856e-07,0.4448540706605223,,,PRUNED
443,443,0.4325652841781874,2021-02-14 08:44:30.983830,2021-02-14 08:45:02.493985,0 days 00:00:31.510155,0.0031901886361962385,10,3.142588287206352e-06,0.5391705069124424,0.4325652841781874,,PRUNED
444,444,0.5307219662058372,2021-02-14 08:45:02.494300,2021-02-14 08:46:32.998145,0 days 00:01:30.503845,0.012320447309008975,10,3.4196462729181437e-07,0.5307219662058372,,,PRUNED
445,445,0.5646697388632872,2021-02-14 08:46:32.998444,2021-02-14 08:48:03.225162,0 days 00:01:30.226718,0.00012013662793243247,35,5.728550732277876e-05,0.5846390168970814,0.5646697388632872,,PRUNED
446,446,0.49615975422427033,2021-02-14 08:48:03.225440,2021-02-14 08:49:33.748518,0 days 00:01:30.523078,0.0003893224528114744,45,6.6957045203763905e-06,0.6021505376344086,0.49615975422427033,,PRUNED
447,447,0.4841781874039939,2021-02-14 08:49:33.748815,2021-02-14 08:50:05.248247,0 days 00:00:31.499432,0.002187010820434764,5,2.310043244002453e-06,0.5741935483870968,0.4841781874039939,,PRUNED
448,448,0.5345622119815668,2021-02-14 08:50:05.248603,2021-02-14 08:54:00.009961,0 days 00:03:54.761358,0.0028248659475154135,25,4.01301424437996e-06,0.5910906298003072,0.5612903225806452,0.5855606758832566,COMPLETE
449,449,0.45499231950844854,2021-02-14 08:54:00.010655,2021-02-14 08:54:11.760304,0 days 00:00:11.749649,0.0027817850819140187,25,4.736897842267305e-06,0.45499231950844854,,,PRUNED
450,450,0.5138248847926268,2021-02-14 08:54:11.760639,2021-02-14 08:55:41.818549,0 days 00:01:30.057910,0.005430524162501959,25,0.0002502035516248139,0.5138248847926268,,,PRUNED
451,451,0.47649769585253454,2021-02-14 08:55:41.818830,2021-02-14 08:57:11.679539,0 days 00:01:29.860709,0.009895146933796367,15,3.71617612434302e-06,0.47649769585253454,,,PRUNED
452,452,0.5192012288786483,2021-02-14 08:57:11.679871,2021-02-14 08:57:23.526413,0 days 00:00:11.846542,0.0023430342201776967,25,5.752269027203068e-06,0.5192012288786483,,,PRUNED
453,453,0.49523809523809526,2021-02-14 08:57:23.526737,2021-02-14 08:57:54.944870,0 days 00:00:31.418133,0.0037687710461947834,25,3.989470668376189e-06,0.6159754224270353,0.49523809523809526,,PRUNED
454,454,0.5142857142857142,2021-02-14 08:57:54.945210,2021-02-14 08:58:06.679818,0 days 00:00:11.734608,2.6714055115414554e-05,25,2.860544216453827e-06,0.5142857142857142,,,PRUNED
455,455,0.5072196620583718,2021-02-14 08:58:06.680119,2021-02-14 08:58:38.182341,0 days 00:00:31.502222,7.094656230816064e-05,30,1.8246846156226146e-05,0.5072196620583718,,,PRUNED
456,456,0.541321044546851,2021-02-14 08:58:38.182635,2021-02-14 08:59:09.645939,0 days 00:00:31.463304,4.293623962037647e-05,25,9.111789134941886e-06,0.541321044546851,,,PRUNED
457,457,0.5032258064516129,2021-02-14 08:59:09.646245,2021-02-14 09:00:39.545279,0 days 00:01:29.899034,0.002365802875770872,40,0.000721667027964733,0.5032258064516129,,,PRUNED
458,458,0.5293394777265745,2021-02-14 09:00:39.545592,2021-02-14 09:01:11.008044,0 days 00:00:31.462452,0.003869129034318416,40,1.1637205397410135e-05,0.5293394777265745,,,PRUNED
459,459,0.5072196620583718,2021-02-14 09:01:11.008363,2021-02-14 09:01:22.775015,0 days 00:00:11.766652,0.00467139907786249,25,3.4975391303823734e-06,0.5072196620583718,,,PRUNED
460,460,0.47772657450076805,2021-02-14 09:01:22.775349,2021-02-14 09:02:53.215244,0 days 00:01:30.439895,0.00023014781302715175,20,0.0001497804278897367,0.47772657450076805,,,PRUNED
461,461,0.44516129032258067,2021-02-14 09:02:53.215553,2021-02-14 09:04:23.364764,0 days 00:01:30.149211,0.0073321039870973825,5,7.801905426367113e-07,0.44516129032258067,,,PRUNED
462,462,0.5296466973886329,2021-02-14 09:04:23.365063,2021-02-14 09:08:35.805790,0 days 00:04:12.440727,0.0003330383391544527,25,9.795293621208253e-06,0.5459293394777266,,,COMPLETE
463,463,0.4927803379416283,2021-02-14 09:08:35.806556,2021-02-14 09:08:52.245583,0 days 00:00:16.439027,0.0017242700806814363,5,4.879574142867766e-06,0.4927803379416283,,,PRUNED
464,464,0.4608294930875576,2021-02-14 09:08:52.245901,2021-02-14 09:09:07.979561,0 days 00:00:15.733660,0.006204571418997462,10,3.9810942649722035e-06,0.4608294930875576,,,PRUNED
465,465,0.5081413210445469,2021-02-14 09:09:07.979883,2021-02-14 09:14:07.631668,0 days 00:04:59.651785,0.00018306573833171935,20,0.0003692761760767774,0.5477726574500767,,,COMPLETE
466,466,0.506605222734255,2021-02-14 09:14:07.632382,2021-02-14 09:16:01.709403,0 days 00:01:54.077021,0.0005842626503103794,20,2.521238655895026e-05,0.506605222734255,,,PRUNED
467,467,0.546236559139785,2021-02-14 09:16:01.709727,2021-02-14 09:17:54.685063,0 days 00:01:52.975336,0.0029098595268795707,25,2.818742338310318e-07,0.5754224270353303,0.5708141321044546,0.546236559139785,PRUNED
468,468,0.47219662058371736,2021-02-14 09:17:54.685379,2021-02-14 09:18:10.462480,0 days 00:00:15.777101,0.002668283567135675,25,4.6494938128223913e-07,0.47219662058371736,,,PRUNED
469,469,0.546236559139785,2021-02-14 09:18:10.462818,2021-02-14 09:23:10.778480,0 days 00:05:00.315662,0.0003605227738674992,15,4.899423597526737e-05,0.5655913978494623,,,COMPLETE
470,470,0.6030721966205838,2021-02-14 09:23:10.779224,2021-02-14 09:28:09.544172,0 days 00:04:58.764948,0.000698117850382348,20,9.099587656291345e-05,0.5514592933947773,,,COMPLETE
471,471,0.5244239631336406,2021-02-14 09:28:09.545381,2021-02-14 09:28:25.368236,0 days 00:00:15.822855,0.00018057760662392515,25,1.4034185117195482e-07,0.5244239631336406,,,PRUNED
472,472,0.5397849462365591,2021-02-14 09:28:25.368555,2021-02-14 09:29:04.432014,0 days 00:00:39.063459,0.002945056663081312,25,3.253367851177737e-07,0.5548387096774193,0.5397849462365591,,PRUNED
473,473,0.4291858678955453,2021-02-14 09:29:04.432333,2021-02-14 09:29:20.481802,0 days 00:00:16.049469,0.002129902998446378,20,2.6359519956463963e-07,0.4291858678955453,,,PRUNED
474,474,0.4543778801843318,2021-02-14 09:29:20.482133,2021-02-14 09:29:36.037544,0 days 00:00:15.555411,0.0010243387482236777,25,2.9155295903190426e-07,0.4543778801843318,,,PRUNED
475,475,0.5342549923195085,2021-02-14 09:29:36.037865,2021-02-14 09:31:29.072407,0 days 00:01:53.034542,0.0007405476050795972,45,0.00012007524891938851,0.5342549923195085,,,PRUNED
476,476,0.513978494623656,2021-02-14 09:31:29.072742,2021-02-14 09:33:22.483873,0 days 00:01:53.411131,0.00042170427723958243,25,0.000929820037472647,0.513978494623656,,,PRUNED
477,477,0.4393241167434716,2021-02-14 09:33:22.484198,2021-02-14 09:33:36.343932,0 days 00:00:13.859734,0.00024671968522875276,5,1.3150129586718854e-05,0.4393241167434716,,,PRUNED
478,478,0.5,2021-02-14 09:33:36.344283,2021-02-14 09:35:34.868640,0 days 00:01:58.524357,0.01714933336170764,20,6.491497614032628e-05,0.5,,,PRUNED
479,479,0.5,2021-02-14 09:35:34.868969,2021-02-14 09:36:13.459082,0 days 00:00:38.590113,0.01029089919820993,35,2.6536910303545993e-06,0.5,,,PRUNED
480,480,0.5582181259600615,2021-02-14 09:36:13.459422,2021-02-14 09:41:13.021226,0 days 00:04:59.561804,0.0009564330999864061,50,7.5020502496841875e-06,0.6055299539170507,,,COMPLETE
481,481,0.5990783410138248,2021-02-14 09:41:13.022402,2021-02-14 09:46:11.841392,0 days 00:04:58.818990,0.0001974452888986585,45,0.00013494719716254782,0.578494623655914,0.6516129032258065,,COMPLETE
482,482,0.4786482334869432,2021-02-14 09:46:11.842187,2021-02-14 09:51:11.158424,0 days 00:04:59.316237,0.003237183378316142,25,5.705456093906327e-07,0.5536098310291858,0.623963133640553,0.57357910906298,COMPLETE
483,483,0.4543778801843318,2021-02-14 09:51:11.159190,2021-02-14 09:51:23.912723,0 days 00:00:12.753533,0.0036567558351280264,25,6.110114854007109e-07,0.4543778801843318,,,PRUNED
484,484,0.5772657450076805,2021-02-14 09:51:23.913048,2021-02-14 09:56:21.626082,0 days 00:04:57.713034,0.00019101013218534213,45,9.071053152729985e-05,0.570199692780338,0.6405529953917051,,COMPLETE
485,485,0.4789554531490015,2021-02-14 09:56:21.626900,2021-02-14 09:56:39.007760,0 days 00:00:17.380860,0.0030476338835651946,25,5.522859886483964e-07,0.4789554531490015,,,PRUNED
486,486,0.4626728110599078,2021-02-14 09:56:39.008118,2021-02-14 09:56:55.004952,0 days 00:00:15.996834,0.003277334567081534,25,3.4987083046465204e-07,0.4626728110599078,,,PRUNED
487,487,0.5585253456221199,2021-02-14 09:56:55.005285,2021-02-14 09:58:47.105838,0 days 00:01:52.100553,0.00018368237018402878,45,8.702994447290221e-05,0.5717357910906298,0.5585253456221199,,PRUNED
488,488,0.5975422427035331,2021-02-14 09:58:47.106320,2021-02-14 10:03:47.468545,0 days 00:05:00.362225,0.001028541045470089,50,1.210433486299279e-05,0.5572964669738864,,,COMPLETE
489,489,0.48540706605222733,2021-02-14 10:03:47.469303,2021-02-14 10:04:03.291144,0 days 00:00:15.821841,0.0004481773140527774,5,8.075124740284278e-07,0.48540706605222733,,,PRUNED
490,490,0.5023041474654378,2021-02-14 10:04:03.291488,2021-02-14 10:04:18.599067,0 days 00:00:15.307579,0.0025917224400760506,30,7.082831705625488e-07,0.5023041474654378,,,PRUNED
491,491,0.4998463901689708,2021-02-14 10:04:18.599408,2021-02-14 10:04:31.659324,0 days 00:00:13.059916,0.004175177313401295,25,4.5475984787566224e-07,0.4998463901689708,,,PRUNED
492,492,0.5207373271889401,2021-02-14 10:04:31.659647,2021-02-14 10:05:13.000584,0 days 00:00:41.340937,0.00014538760430853423,45,0.00013420874348027447,0.5207373271889401,,,PRUNED
493,493,0.5317972350230414,2021-02-14 10:05:13.000913,2021-02-14 10:05:51.192472,0 days 00:00:38.191559,0.00019874987297242616,50,9.577914606200283e-05,0.5317972350230414,,,PRUNED
494,494,0.43655913978494626,2021-02-14 10:05:51.192798,2021-02-14 10:06:06.714343,0 days 00:00:15.521545,0.00021551122018299818,5,6.106918964738891e-07,0.43655913978494626,,,PRUNED
495,495,0.5505376344086022,2021-02-14 10:06:06.714688,2021-02-14 10:08:02.044897,0 days 00:01:55.330209,0.0005664006062124989,45,6.977173353901724e-05,0.6365591397849463,0.5505376344086022,,PRUNED
496,496,0.5407066052227343,2021-02-14 10:08:02.045188,2021-02-14 10:12:56.355608,0 days 00:04:54.310420,0.0009023829369515703,50,1.3045432465679607e-05,0.6129032258064516,,,COMPLETE
497,497,0.4894009216589862,2021-02-14 10:12:56.356348,2021-02-14 10:14:48.875847,0 days 00:01:52.519499,0.001220806324002572,25,2.062188042625764e-06,0.5274961597542243,0.5585253456221199,0.4894009216589862,PRUNED
498,498,0.4980030721966206,2021-02-14 10:14:48.876170,2021-02-14 10:15:04.740995,0 days 00:00:15.864825,0.00034711624879202253,5,9.437191194976613e-07,0.4980030721966206,,,PRUNED
499,499,0.49216589861751153,2021-02-14 10:15:04.741350,2021-02-14 10:15:46.044509,0 days 00:00:41.303159,0.00010381966726682302,45,0.00024463447657530177,0.49216589861751153,,,PRUNED
500,500,0.5207373271889401,2021-02-14 10:15:46.044844,2021-02-14 10:17:41.878271,0 days 00:01:55.833427,0.0010814357019775555,50,4.92086799492714e-06,0.5207373271889401,,,PRUNED
501,501,0.4055299539170507,2021-02-14 10:17:41.878625,2021-02-14 10:17:57.634984,0 days 00:00:15.756359,0.002392200722674664,5,3.740283095189721e-07,0.4055299539170507,,,PRUNED
502,502,0.48540706605222733,2021-02-14 10:17:57.635515,2021-02-14 10:18:34.775153,0 days 00:00:37.139638,0.003032113598041446,25,1.5078343016732123e-06,0.5572964669738864,0.48540706605222733,,PRUNED
503,503,0.6279569892473118,2021-02-14 10:18:34.775537,2021-02-14 10:23:39.439995,0 days 00:05:04.664458,0.0001542342385145419,10,2.756927912447715e-06,0.6344086021505376,0.6276497695852534,0.6043010752688172,COMPLETE
504,504,0.5225806451612903,2021-02-14 10:23:39.440787,2021-02-14 10:25:34.755614,0 days 00:01:55.314827,0.000641317361626152,50,0.000574482611532193,0.5225806451612903,,,PRUNED
505,505,0.45314900153609833,2021-02-14 10:25:34.755972,2021-02-14 10:26:16.543634,0 days 00:00:41.787662,0.000131568483117987,5,2.294580968393371e-06,0.543778801843318,0.45314900153609833,,PRUNED
506,506,0.48970814132104457,2021-02-14 10:26:16.543960,2021-02-14 10:26:32.658443,0 days 00:00:16.114483,0.00021402662113449152,10,2.741588416156687e-06,0.48970814132104457,,,PRUNED
507,507,0.549615975422427,2021-02-14 10:26:32.658797,2021-02-14 10:31:34.551173,0 days 00:05:01.892376,0.00017749692030460612,30,1.7687526737236563e-06,0.5302611367127497,0.5560675883256528,0.6310291858678956,COMPLETE
508,508,0.46682027649769586,2021-02-14 10:31:34.551954,2021-02-14 10:32:16.286729,0 days 00:00:41.734775,0.005387801616283228,45,0.00011202174705211567,0.46682027649769586,,,PRUNED
509,509,0.5726574500768049,2021-02-14 10:32:16.287066,2021-02-14 10:34:10.368580,0 days 00:01:54.081514,0.00023162815625430732,45,0.00013454775508548665,0.570199692780338,0.5726574500768049,,PRUNED
510,510,0.5081413210445469,2021-02-14 10:34:10.368912,2021-02-14 10:34:53.157464,0 days 00:00:42.788552,0.00016385611748358274,35,1.7443260550433166e-06,0.5394777265745008,0.5081413210445469,,PRUNED
511,511,0.3966205837173579,2021-02-14 10:34:53.157824,2021-02-14 10:35:31.202800,0 days 00:00:38.044976,7.158208683957053e-05,45,0.00015615548546042042,0.3966205837173579,,,PRUNED
512,512,0.46052227342549923,2021-02-14 10:35:31.203145,2021-02-14 10:35:47.852310,0 days 00:00:16.649165,0.0001247093523400711,35,1.2545588527678064e-06,0.46052227342549923,,,PRUNED
513,513,0.4768049155145929,2021-02-14 10:35:47.852672,2021-02-14 10:37:41.817332,0 days 00:01:53.964660,0.0017398863629852065,45,7.273139381396618e-06,0.4768049155145929,,,PRUNED
514,514,0.47035330261136715,2021-02-14 10:37:41.817687,2021-02-14 10:37:56.940362,0 days 00:00:15.122675,0.00015882258083657166,30,1.9065144706541098e-06,0.47035330261136715,,,PRUNED
515,515,0.4205837173579109,2021-02-14 10:37:56.940955,2021-02-14 10:38:13.734134,0 days 00:00:16.793179,0.000141684360136218,30,2.165934148431862e-07,0.4205837173579109,,,PRUNED
516,516,0.5087557603686635,2021-02-14 10:38:13.734638,2021-02-14 10:38:52.948872,0 days 00:00:39.214234,0.00032793964025776143,50,0.00019182623712855855,0.5087557603686635,,,PRUNED
517,517,0.5053763440860215,2021-02-14 10:38:52.949216,2021-02-14 10:39:35.305112,0 days 00:00:42.355896,0.00017633358802939393,30,1.4348502140719767e-06,0.5434715821812596,0.5053763440860215,,PRUNED
518,518,0.5213517665130568,2021-02-14 10:39:35.305449,2021-02-14 10:40:12.620505,0 days 00:00:37.315056,0.0001056571898694179,30,9.822410819123232e-07,0.5345622119815668,0.5213517665130568,,PRUNED
519,519,0.504147465437788,2021-02-14 10:40:12.620921,2021-02-14 10:40:55.948018,0 days 00:00:43.327097,0.00028124601668719044,40,6.88830228527851e-06,0.504147465437788,,,PRUNED
520,520,0.5410138248847927,2021-02-14 10:40:55.948366,2021-02-14 10:45:59.003671,0 days 00:05:03.055305,0.0013996790915131656,50,2.257500419864518e-06,0.5815668202764976,,,COMPLETE
521,521,0.4288786482334869,2021-02-14 10:45:59.004404,2021-02-14 10:46:12.152055,0 days 00:00:13.147651,0.0019015653374271151,5,7.82272822591454e-07,0.4288786482334869,,,PRUNED
522,522,0.4651305683563748,2021-02-14 10:46:12.152403,2021-02-14 10:48:11.723489,0 days 00:01:59.571086,0.00019071251658914773,25,4.923475140454468e-07,0.5658986175115207,0.5588325652841782,0.4651305683563748,PRUNED
523,523,0.5105990783410138,2021-02-14 10:48:11.723856,2021-02-14 10:48:50.052768,0 days 00:00:38.328912,0.00017114915007746518,45,4.230325406040428e-05,0.5105990783410138,,,PRUNED
524,524,0.5508448540706605,2021-02-14 10:48:50.053119,2021-02-14 10:50:46.923440,0 days 00:01:56.870321,0.00043706845103908643,40,5.098025257592914e-06,0.5883256528417818,0.5508448540706605,,PRUNED
525,525,0.44761904761904764,2021-02-14 10:50:46.923770,2021-02-14 10:51:26.902680,0 days 00:00:39.978910,0.00194010001577515,30,8.961425956621657e-05,0.44761904761904764,,,PRUNED
526,526,0.6168970814132104,2021-02-14 10:51:26.903083,2021-02-14 10:56:28.489039,0 days 00:05:01.585956,0.00013112638319908663,35,5.413241182225417e-05,0.5526881720430108,0.578494623655914,,COMPLETE
