,run_name,experiment_name,manual_seed,avg_test_loss,avg_val_loss,cindex,cindex_train,cindex_test,quantile_0.5,quantile_0.25,quantile_0.75
0,Nan,Nan,Nan,0.0,3.699812412261963,0.0,0.0,0.0,0.0,0.0,0.0
1,Nan,Nan,Nan,0.0,4.1197099685668945,0.498310291858679,0.0,0.0,0.0,0.0,0.0
2,Nan,Nan,Nan,0.0,3.7237584590911865,0.4236559139784946,0.0,0.0,0.0,0.0,0.0
3,Nan,Nan,Nan,0.0,10.741988182067871,0.37849462365591396,0.0,0.0,0.0,0.0,0.0
4,Nan,Nan,Nan,0.0,5.145034313201904,0.0,0.0,0.0,0.0,0.0,0.0
5,Nan,Nan,Nan,0.0,8.068971633911133,0.0,0.0,0.0,0.0,0.0,0.0
6,Nan,Nan,Nan,0.0,3.4557266235351562,0.0,0.0,0.0,0.0,0.0,0.0
7,Nan,Nan,Nan,0.0,7.920544624328613,0.3956989247311828,0.0,0.0,0.0,0.0,0.0
8,Nan,Nan,Nan,0.0,8.502573013305664,0.0,0.0,0.0,0.0,0.0,0.0
9,Nan,Nan,Nan,0.0,13.218806266784668,0.3726574500768049,0.0,0.0,0.0,0.0,0.0
10,Nan,Nan,Nan,0.0,6.515360355377197,0.0,0.0,0.0,0.0,0.0,0.0
11,Nan,Nan,Nan,0.0,7.563523292541504,0.37112135176651306,0.0,0.0,0.0,0.0,0.0
12,Nan,Nan,Nan,0.0,6.712407112121582,0.43410138248847924,0.0,0.0,0.0,0.0,0.0
13,Nan,Nan,Nan,0.0,8.962696075439453,0.0,0.0,0.0,0.0,0.0,0.0
14,Nan,Nan,Nan,0.0,9.322495460510254,0.4288786482334869,0.0,0.0,0.0,0.0,0.0
15,Nan,Nan,Nan,0.0,9.3312406539917,0.0,0.0,0.0,0.0,0.0,0.0
16,Nan,Nan,Nan,0.0,17.12263298034668,0.38095238095238093,0.0,0.0,0.0,0.0,0.0
17,Nan,Nan,Nan,0.0,3.943052291870117,0.0,0.0,0.0,0.0,0.0,0.0
18,Nan,Nan,Nan,0.0,13.016097068786621,0.6258064516129033,0.0,0.0,0.0,0.0,0.0
19,Nan,Nan,Nan,0.0,10.541251182556152,0.0,0.0,0.0,0.0,0.0,0.0
20,Nan,Nan,Nan,0.0,7.363491535186768,0.493394777265745,0.0,0.0,0.0,0.0,0.0
21,Nan,Nan,Nan,0.0,3.9750239849090576,0.4448540706605223,0.0,0.0,0.0,0.0,0.0
22,Nan,Nan,Nan,0.0,15.983071327209473,0.0,0.0,0.0,0.0,0.0,0.0
23,Nan,Nan,Nan,0.0,5.285586833953857,0.0,0.0,0.0,0.0,0.0,0.0
24,Nan,Nan,Nan,0.0,8.20217227935791,0.6202764976958526,0.0,0.0,0.0,0.0,0.0
25,Nan,Nan,Nan,0.0,13.1510009765625,0.0,0.0,0.0,0.0,0.0,0.0
26,Nan,Nan,Nan,0.0,9.9022798538208,0.47987711213517664,0.0,0.0,0.0,0.0,0.0
27,Nan,Nan,Nan,0.0,3.8007984161376953,0.5167434715821813,0.0,0.0,0.0,0.0,0.0
28,Nan,Nan,Nan,0.0,10.65156078338623,0.0,0.0,0.0,0.0,0.0,0.0
29,Nan,Nan,Nan,0.0,4.852717876434326,0.0,0.0,0.0,0.0,0.0,0.0
30,Nan,Nan,Nan,0.0,5.3423285484313965,0.5748079877112136,0.0,0.0,0.0,0.0,0.0
31,Nan,Nan,Nan,0.0,6.204873561859131,0.5972350230414747,0.0,0.0,0.0,0.0,0.0
32,Nan,Nan,Nan,0.0,9.952394485473633,0.6113671274961597,0.0,0.0,0.0,0.0,0.0
33,Nan,Nan,Nan,0.0,2.7322311401367188,0.546236559139785,0.0,0.0,0.0,0.0,0.0
34,Nan,Nan,Nan,0.0,15.593360900878906,0.6230414746543779,0.0,0.0,0.0,0.0,0.0
35,Nan,Nan,Nan,0.0,12.432437896728516,0.0,0.0,0.0,0.0,0.0,0.0
36,Nan,Nan,Nan,0.0,3.821221113204956,0.4202764976958525,0.0,0.0,0.0,0.0,0.0
37,Nan,Nan,Nan,0.0,13.536766052246094,0.0,0.0,0.0,0.0,0.0,0.0
38,Nan,Nan,Nan,0.0,9.41320514678955,0.0,0.0,0.0,0.0,0.0,0.0
39,Nan,Nan,Nan,0.0,6.870675563812256,0.0,0.0,0.0,0.0,0.0,0.0
40,Nan,Nan,Nan,0.0,11.948240280151367,0.6218125960061444,0.0,0.0,0.0,0.0,0.0
41,Nan,Nan,Nan,0.0,4.562260150909424,0.0,0.0,0.0,0.0,0.0,0.0
42,Nan,Nan,Nan,0.0,6.117524147033691,0.0,0.0,0.0,0.0,0.0,0.0
43,Nan,Nan,Nan,0.0,10.931084632873535,0.0,0.0,0.0,0.0,0.0,0.0
44,Nan,Nan,Nan,0.0,5.345090866088867,0.0,0.0,0.0,0.0,0.0,0.0
45,Nan,Nan,Nan,0.0,4.633572578430176,0.0,0.0,0.0,0.0,0.0,0.0
46,Nan,Nan,Nan,0.0,10.050115585327148,0.0,0.0,0.0,0.0,0.0,0.0
47,Nan,Nan,Nan,0.0,8.495006561279297,0.5741935483870968,0.0,0.0,0.0,0.0,0.0
48,Nan,Nan,Nan,0.0,3.0970451831817627,0.49708141321044547,0.0,0.0,0.0,0.0,0.0
49,Nan,Nan,Nan,0.0,14.29673957824707,0.541321044546851,0.0,0.0,0.0,0.0,0.0
50,Nan,Nan,Nan,0.0,10.77441120147705,0.0,0.0,0.0,0.0,0.0,0.0
51,Nan,Nan,Nan,0.0,10.970710754394531,0.0,0.0,0.0,0.0,0.0,0.0
52,Nan,Nan,Nan,0.0,6.374885559082031,0.49923195084485406,0.0,0.0,0.0,0.0,0.0
53,Nan,Nan,Nan,0.0,14.760696411132812,0.5972350230414747,0.0,0.0,0.0,0.0,0.0
54,Nan,Nan,Nan,0.0,3.0043952465057373,0.0,0.0,0.0,0.0,0.0,0.0
55,Nan,Nan,Nan,0.0,4.548370361328125,0.5757296466973887,0.0,0.0,0.0,0.0,0.0
56,Nan,Nan,Nan,0.0,4.103412628173828,0.0,0.0,0.0,0.0,0.0,0.0
57,Nan,Nan,Nan,0.0,3.8466010093688965,0.0,0.0,0.0,0.0,0.0,0.0
58,Nan,Nan,Nan,0.0,10.951401710510254,0.0,0.0,0.0,0.0,0.0,0.0
59,Nan,Nan,Nan,0.0,10.452624320983887,0.5895545314900154,0.0,0.0,0.0,0.0,0.0
60,Nan,Nan,Nan,0.0,3.1464428901672363,0.4470046082949309,0.0,0.0,0.0,0.0,0.0
61,Nan,Nan,Nan,0.0,5.547521114349365,0.4731182795698925,0.0,0.0,0.0,0.0,0.0
62,Nan,Nan,Nan,0.0,9.460331916809082,0.0,0.0,0.0,0.0,0.0,0.0
63,Nan,Nan,Nan,0.0,14.948142051696777,0.402457757296467,0.0,0.0,0.0,0.0,0.0
64,Nan,Nan,Nan,0.0,9.018332481384277,0.0,0.0,0.0,0.0,0.0,0.0
65,Nan,Nan,Nan,0.0,7.238062381744385,0.40860215053763443,0.0,0.0,0.0,0.0,0.0
66,Nan,Nan,Nan,0.0,19.45220184326172,0.41259600614439323,0.0,0.0,0.0,0.0,0.0
67,Nan,Nan,Nan,0.0,4.680801868438721,0.525652841781874,0.0,0.0,0.0,0.0,0.0
68,Nan,Nan,Nan,0.0,6.811636924743652,0.3956989247311828,0.0,0.0,0.0,0.0,0.0
69,Nan,Nan,Nan,0.0,16.551254272460938,0.421505376344086,0.0,0.0,0.0,0.0,0.0
70,Nan,Nan,Nan,0.0,4.953541278839111,0.5778801843317972,0.0,0.0,0.0,0.0,0.0
71,Nan,Nan,Nan,0.0,6.640074729919434,0.0,0.0,0.0,0.0,0.0,0.0
72,Nan,Nan,Nan,0.0,11.828751564025879,0.3932411674347158,0.0,0.0,0.0,0.0,0.0
73,Nan,Nan,Nan,0.0,3.7662289142608643,0.43317972350230416,0.0,0.0,0.0,0.0,0.0
74,Nan,Nan,Nan,0.0,6.973664283752441,0.610752688172043,0.0,0.0,0.0,0.0,0.0
75,Nan,Nan,Nan,0.0,6.047126770019531,0.0,0.0,0.0,0.0,0.0,0.0
76,Nan,Nan,Nan,0.0,6.244807243347168,0.3815668202764977,0.0,0.0,0.0,0.0,0.0
77,Nan,Nan,Nan,0.0,11.078888893127441,0.0,0.0,0.0,0.0,0.0,0.0
78,Nan,Nan,Nan,0.0,7.2605719566345215,0.4325652841781874,0.0,0.0,0.0,0.0,0.0
79,Nan,Nan,Nan,0.0,1.9201966524124146,0.0,0.0,0.0,0.0,0.0,0.0
80,Nan,Nan,Nan,0.0,11.718802452087402,0.0,0.0,0.0,0.0,0.0,0.0
81,Nan,Nan,Nan,0.0,15.400687217712402,0.5794162826420891,0.0,0.0,0.0,0.0,0.0
82,Nan,Nan,Nan,0.0,9.914063453674316,0.584331797235023,0.0,0.0,0.0,0.0,0.0
83,Nan,Nan,Nan,0.0,10.91096019744873,0.6095238095238096,0.0,0.0,0.0,0.0,0.0
84,Nan,Nan,Nan,0.0,7.314396858215332,0.5311827956989247,0.0,0.0,0.0,0.0,0.0
85,Nan,Nan,Nan,0.0,8.15865707397461,0.0,0.0,0.0,0.0,0.0,0.0
86,Nan,Nan,Nan,0.0,4.749763488769531,0.43502304147465437,0.0,0.0,0.0,0.0,0.0
87,Nan,Nan,Nan,0.0,8.539544105529785,0.38525345622119817,0.0,0.0,0.0,0.0,0.0
88,Nan,Nan,Nan,0.0,15.656362533569336,0.6264208909370199,0.0,0.0,0.0,0.0,0.0
89,Nan,Nan,Nan,0.0,6.204640865325928,0.0,0.0,0.0,0.0,0.0,0.0
90,Nan,Nan,Nan,0.0,4.663490295410156,0.0,0.0,0.0,0.0,0.0,0.0
91,Nan,Nan,Nan,0.0,6.020705223083496,0.0,0.0,0.0,0.0,0.0,0.0
92,Nan,Nan,Nan,0.0,3.8811676502227783,0.0,0.0,0.0,0.0,0.0,0.0
93,Nan,Nan,Nan,0.0,6.428792953491211,0.4046082949308756,0.0,0.0,0.0,0.0,0.0
94,Nan,Nan,Nan,0.0,7.472066879272461,0.45499231950844854,0.0,0.0,0.0,0.0,0.0
95,Nan,Nan,Nan,0.0,5.206128120422363,0.5993855606758832,0.0,0.0,0.0,0.0,0.0
96,Nan,Nan,Nan,0.0,8.402681350708008,0.40184331797235023,0.0,0.0,0.0,0.0,0.0
97,Nan,Nan,Nan,0.0,2.5980167388916016,0.48847926267281105,0.0,0.0,0.0,0.0,0.0
98,Nan,Nan,Nan,0.0,7.831340789794922,0.0,0.0,0.0,0.0,0.0,0.0
99,Nan,Nan,Nan,0.0,9.032764434814453,0.4660522273425499,0.0,0.0,0.0,0.0,0.0
100,Nan,Nan,Nan,0.0,5.068605899810791,0.0,0.0,0.0,0.0,0.0,0.0
101,Nan,Nan,Nan,0.0,3.4295387268066406,0.0,0.0,0.0,0.0,0.0,0.0
102,Nan,Nan,Nan,0.0,7.151309013366699,0.0,0.0,0.0,0.0,0.0,0.0
103,Nan,Nan,Nan,0.0,4.1379170417785645,0.0,0.0,0.0,0.0,0.0,0.0
104,Nan,Nan,Nan,0.0,6.974278450012207,0.0,0.0,0.0,0.0,0.0,0.0
105,Nan,Nan,Nan,0.0,7.75647497177124,0.47219662058371736,0.0,0.0,0.0,0.0,0.0
106,Nan,Nan,Nan,0.0,10.605071067810059,0.0,0.0,0.0,0.0,0.0,0.0
107,Nan,Nan,Nan,0.0,6.054584980010986,0.4789554531490015,0.0,0.0,0.0,0.0,0.0
108,Nan,Nan,Nan,0.0,12.239829063415527,0.4771121351766513,0.0,0.0,0.0,0.0,0.0
109,Nan,Nan,Nan,0.0,4.552706718444824,0.0,0.0,0.0,0.0,0.0,0.0
110,Nan,Nan,Nan,0.0,12.185567855834961,0.0,0.0,0.0,0.0,0.0,0.0
111,Nan,Nan,Nan,0.0,7.383744716644287,0.6227342549923195,0.0,0.0,0.0,0.0,0.0
112,Nan,Nan,Nan,0.0,6.363223075866699,0.56036866359447,0.0,0.0,0.0,0.0,0.0
113,Nan,Nan,Nan,0.0,3.5675442218780518,0.498310291858679,0.0,0.0,0.0,0.0,0.0
114,Nan,Nan,Nan,0.0,3.8560609817504883,0.48847926267281105,0.0,0.0,0.0,0.0,0.0
115,Nan,Nan,Nan,0.0,6.795279502868652,0.5004608294930876,0.0,0.0,0.0,0.0,0.0
116,Nan,Nan,Nan,0.0,7.117764472961426,0.37511520737327186,0.0,0.0,0.0,0.0,0.0
117,Nan,Nan,Nan,0.0,6.1147661209106445,0.0,0.0,0.0,0.0,0.0,0.0
118,Nan,Nan,Nan,0.0,10.4617280960083,0.5834101382488479,0.0,0.0,0.0,0.0,0.0
119,Nan,Nan,Nan,0.0,7.6138386726379395,0.0,0.0,0.0,0.0,0.0,0.0
120,Nan,Nan,Nan,0.0,10.689740180969238,0.6086021505376344,0.0,0.0,0.0,0.0,0.0
121,Nan,Nan,Nan,0.0,3.3131086826324463,0.46881720430107526,0.0,0.0,0.0,0.0,0.0
122,Nan,Nan,Nan,0.0,4.603935241699219,0.5133640552995392,0.0,0.0,0.0,0.0,0.0
123,Nan,Nan,Nan,0.0,7.4969329833984375,0.6076804915514593,0.0,0.0,0.0,0.0,0.0
124,Nan,Nan,Nan,0.0,12.446592330932617,0.0,0.0,0.0,0.0,0.0,0.0
125,Nan,Nan,Nan,0.0,7.263676166534424,0.0,0.0,0.0,0.0,0.0,0.0
126,Nan,Nan,Nan,0.0,3.331482172012329,0.0,0.0,0.0,0.0,0.0,0.0
127,Nan,Nan,Nan,0.0,6.060733795166016,0.0,0.0,0.0,0.0,0.0,0.0
128,Nan,Nan,Nan,0.0,7.537620544433594,0.5450076804915515,0.0,0.0,0.0,0.0,0.0
129,Nan,Nan,Nan,0.0,11.416401863098145,0.0,0.0,0.0,0.0,0.0,0.0
130,Nan,Nan,Nan,0.0,9.49453067779541,0.0,0.0,0.0,0.0,0.0,0.0
131,Nan,Nan,Nan,0.0,8.139032363891602,0.4012288786482335,0.0,0.0,0.0,0.0,0.0
132,Nan,Nan,Nan,0.0,5.353616714477539,0.0,0.0,0.0,0.0,0.0,0.0
133,Nan,Nan,Nan,0.0,8.081769943237305,0.37542242703533024,0.0,0.0,0.0,0.0,0.0
134,Nan,Nan,Nan,0.0,6.524050235748291,0.0,0.0,0.0,0.0,0.0,0.0
135,Nan,Nan,Nan,0.0,5.466668128967285,0.5615975422427035,0.0,0.0,0.0,0.0,0.0
136,Nan,Nan,Nan,0.0,8.984551429748535,0.3665130568356375,0.0,0.0,0.0,0.0,0.0
137,Nan,Nan,Nan,0.0,6.8264923095703125,0.4344086021505376,0.0,0.0,0.0,0.0,0.0
138,Nan,Nan,Nan,0.0,5.478213787078857,0.571121351766513,0.0,0.0,0.0,0.0,0.0
139,Nan,Nan,Nan,0.0,4.278273105621338,0.0,0.0,0.0,0.0,0.0,0.0
140,Nan,Nan,Nan,0.0,5.536474227905273,0.0,0.0,0.0,0.0,0.0,0.0
141,Nan,Nan,Nan,0.0,10.332589149475098,0.44761904761904764,0.0,0.0,0.0,0.0,0.0
142,Nan,Nan,Nan,0.0,15.572427749633789,0.5907834101382489,0.0,0.0,0.0,0.0,0.0
143,Nan,Nan,Nan,0.0,13.758447647094727,0.5754224270353303,0.0,0.0,0.0,0.0,0.0
144,Nan,Nan,Nan,0.0,7.685462474822998,0.40491551459293396,0.0,0.0,0.0,0.0,0.0
145,Nan,Nan,Nan,0.0,3.2636189460754395,0.0,0.0,0.0,0.0,0.0,0.0
146,Nan,Nan,Nan,0.0,4.731600284576416,0.0,0.0,0.0,0.0,0.0,0.0
147,Nan,Nan,Nan,0.0,6.9224853515625,0.41566820276497696,0.0,0.0,0.0,0.0,0.0
148,Nan,Nan,Nan,0.0,5.326413154602051,0.0,0.0,0.0,0.0,0.0,0.0
149,Nan,Nan,Nan,0.0,8.300385475158691,0.0,0.0,0.0,0.0,0.0,0.0
150,Nan,Nan,Nan,0.0,9.189654350280762,0.0,0.0,0.0,0.0,0.0,0.0
151,Nan,Nan,Nan,0.0,8.7190580368042,0.4915514592933948,0.0,0.0,0.0,0.0,0.0
152,Nan,Nan,Nan,0.0,5.265055179595947,0.3741935483870968,0.0,0.0,0.0,0.0,0.0
153,Nan,Nan,Nan,0.0,14.566831588745117,0.6168970814132104,0.0,0.0,0.0,0.0,0.0
154,Nan,Nan,Nan,0.0,3.2042272090911865,0.0,0.0,0.0,0.0,0.0,0.0
155,Nan,Nan,Nan,0.0,5.362355709075928,0.0,0.0,0.0,0.0,0.0,0.0
156,Nan,Nan,Nan,0.0,16.160715103149414,0.0,0.0,0.0,0.0,0.0,0.0
157,Nan,Nan,Nan,0.0,12.942084312438965,0.37327188940092165,0.0,0.0,0.0,0.0,0.0
158,Nan,Nan,Nan,0.0,8.223197937011719,0.0,0.0,0.0,0.0,0.0,0.0
159,Nan,Nan,Nan,0.0,4.296758651733398,0.5296466973886329,0.0,0.0,0.0,0.0,0.0
160,Nan,Nan,Nan,0.0,7.618415832519531,0.0,0.0,0.0,0.0,0.0,0.0
161,Nan,Nan,Nan,0.0,5.4194464683532715,0.5112135176651306,0.0,0.0,0.0,0.0,0.0
162,Nan,Nan,Nan,0.0,6.268369674682617,0.0,0.0,0.0,0.0,0.0,0.0
163,Nan,Nan,Nan,0.0,6.2162251472473145,0.0,0.0,0.0,0.0,0.0,0.0
164,Nan,Nan,Nan,0.0,11.576895713806152,0.5671274961597542,0.0,0.0,0.0,0.0,0.0
165,Nan,Nan,Nan,0.0,5.579648971557617,0.47956989247311826,0.0,0.0,0.0,0.0,0.0
166,Nan,Nan,Nan,0.0,5.63972806930542,0.45130568356374806,0.0,0.0,0.0,0.0,0.0
167,Nan,Nan,Nan,0.0,4.080182075500488,0.4445468509984639,0.0,0.0,0.0,0.0,0.0
168,Nan,Nan,Nan,0.0,6.396636962890625,0.48110599078341015,0.0,0.0,0.0,0.0,0.0
169,Nan,Nan,Nan,0.0,4.95807409286499,0.556989247311828,0.0,0.0,0.0,0.0,0.0
170,Nan,Nan,Nan,0.0,9.806405067443848,0.5210445468509984,0.0,0.0,0.0,0.0,0.0
171,Nan,Nan,Nan,0.0,5.6223063468933105,0.46021505376344085,0.0,0.0,0.0,0.0,0.0
172,Nan,Nan,Nan,0.0,2.721510648727417,0.48294930875576036,0.0,0.0,0.0,0.0,0.0
173,Nan,Nan,Nan,0.0,6.046900749206543,0.0,0.0,0.0,0.0,0.0,0.0
174,Nan,Nan,Nan,0.0,5.505459785461426,0.0,0.0,0.0,0.0,0.0,0.0
175,Nan,Nan,Nan,0.0,11.52895736694336,0.6187403993855607,0.0,0.0,0.0,0.0,0.0
176,Nan,Nan,Nan,0.0,5.367672920227051,0.6036866359447005,0.0,0.0,0.0,0.0,0.0
177,Nan,Nan,Nan,0.0,10.873677253723145,0.4599078341013825,0.0,0.0,0.0,0.0,0.0
178,Nan,Nan,Nan,0.0,6.680046081542969,0.46881720430107526,0.0,0.0,0.0,0.0,0.0
179,Nan,Nan,Nan,0.0,6.675258159637451,0.0,0.0,0.0,0.0,0.0,0.0
180,Nan,Nan,Nan,0.0,12.737471580505371,0.6125960061443932,0.0,0.0,0.0,0.0,0.0
181,Nan,Nan,Nan,0.0,4.5634589195251465,0.5788018433179724,0.0,0.0,0.0,0.0,0.0
182,Nan,Nan,Nan,0.0,9.440814971923828,0.41689708141321047,0.0,0.0,0.0,0.0,0.0
183,Nan,Nan,Nan,0.0,9.398703575134277,0.0,0.0,0.0,0.0,0.0,0.0
184,Nan,Nan,Nan,0.0,19.98208236694336,0.0,0.0,0.0,0.0,0.0,0.0
185,Nan,Nan,Nan,0.0,3.549656867980957,0.0,0.0,0.0,0.0,0.0,0.0
186,Nan,Nan,Nan,0.0,7.581785202026367,0.0,0.0,0.0,0.0,0.0,0.0
187,Nan,Nan,Nan,0.0,4.610095500946045,0.0,0.0,0.0,0.0,0.0,0.0
188,Nan,Nan,Nan,0.0,9.74841594696045,0.5084485407066052,0.0,0.0,0.0,0.0,0.0
189,Nan,Nan,Nan,0.0,9.439831733703613,0.0,0.0,0.0,0.0,0.0,0.0
190,Nan,Nan,Nan,0.0,9.225455284118652,0.4337941628264209,0.0,0.0,0.0,0.0,0.0
191,Nan,Nan,Nan,0.0,6.843767166137695,0.42764976958525347,0.0,0.0,0.0,0.0,0.0
192,Nan,Nan,Nan,0.0,7.160219669342041,0.41751152073732717,0.0,0.0,0.0,0.0,0.0
193,Nan,Nan,Nan,0.0,20.01667022705078,0.4150537634408602,0.0,0.0,0.0,0.0,0.0
194,Nan,Nan,Nan,0.0,7.056595325469971,0.37880184331797234,0.0,0.0,0.0,0.0,0.0
195,Nan,Nan,Nan,0.0,8.926872253417969,0.6162826420890937,0.0,0.0,0.0,0.0,0.0
196,Nan,Nan,Nan,0.0,8.509769439697266,0.5729646697388633,0.0,0.0,0.0,0.0,0.0
197,Nan,Nan,Nan,0.0,8.195837020874023,0.0,0.0,0.0,0.0,0.0,0.0
198,Nan,Nan,Nan,0.0,8.801037788391113,0.49032258064516127,0.0,0.0,0.0,0.0,0.0
199,Nan,Nan,Nan,0.0,6.171811103820801,0.0,0.0,0.0,0.0,0.0,0.0
200,Nan,Nan,Nan,0.0,9.36029052734375,0.5640552995391706,0.0,0.0,0.0,0.0,0.0
201,Nan,Nan,Nan,0.0,13.596961975097656,0.0,0.0,0.0,0.0,0.0,0.0
202,Nan,Nan,Nan,0.0,7.584060192108154,0.5741935483870968,0.0,0.0,0.0,0.0,0.0
203,Nan,Nan,Nan,0.0,4.006096839904785,0.47219662058371736,0.0,0.0,0.0,0.0,0.0
204,Nan,Nan,Nan,0.0,5.6586174964904785,0.0,0.0,0.0,0.0,0.0,0.0
205,Nan,Nan,Nan,0.0,15.772881507873535,0.6310291858678956,0.0,0.0,0.0,0.0,0.0
206,Nan,Nan,Nan,0.0,6.1370530128479,0.0,0.0,0.0,0.0,0.0,0.0
207,Nan,Nan,Nan,0.0,6.144071578979492,0.0,0.0,0.0,0.0,0.0,0.0
208,Nan,Nan,Nan,0.0,6.189210891723633,0.0,0.0,0.0,0.0,0.0,0.0
209,Nan,Nan,Nan,0.0,2.640810489654541,0.0,0.0,0.0,0.0,0.0,0.0
210,Nan,Nan,Nan,0.0,16.814044952392578,0.5775729646697388,0.0,0.0,0.0,0.0,0.0
211,Nan,Nan,Nan,0.0,3.113560914993286,0.0,0.0,0.0,0.0,0.0,0.0
212,Nan,Nan,Nan,0.0,4.365841388702393,0.0,0.0,0.0,0.0,0.0,0.0
213,Nan,Nan,Nan,0.0,6.0864949226379395,0.6076804915514593,0.0,0.0,0.0,0.0,0.0
214,Nan,Nan,Nan,0.0,9.674125671386719,0.0,0.0,0.0,0.0,0.0,0.0
215,Nan,Nan,Nan,0.0,6.76702356338501,0.0,0.0,0.0,0.0,0.0,0.0
216,Nan,Nan,Nan,0.0,3.4347708225250244,0.4792626728110599,0.0,0.0,0.0,0.0,0.0
217,Nan,Nan,Nan,0.0,10.183094024658203,0.42764976958525347,0.0,0.0,0.0,0.0,0.0
218,Nan,Nan,Nan,0.0,8.518457412719727,0.4116743471582181,0.0,0.0,0.0,0.0,0.0
219,Nan,Nan,Nan,0.0,7.717634677886963,0.0,0.0,0.0,0.0,0.0,0.0
220,Nan,Nan,Nan,0.0,19.052839279174805,0.6282642089093702,0.0,0.0,0.0,0.0,0.0
221,Nan,Nan,Nan,0.0,3.797560691833496,0.0,0.0,0.0,0.0,0.0,0.0
222,Nan,Nan,Nan,0.0,7.482678413391113,0.5867895545314901,0.0,0.0,0.0,0.0,0.0
223,Nan,Nan,Nan,0.0,6.812427043914795,0.4248847926267281,0.0,0.0,0.0,0.0,0.0
224,Nan,Nan,Nan,0.0,10.67439079284668,0.0,0.0,0.0,0.0,0.0,0.0
225,Nan,Nan,Nan,0.0,6.967168807983398,0.5382488479262673,0.0,0.0,0.0,0.0,0.0
226,Nan,Nan,Nan,0.0,16.058095932006836,0.6073732718894009,0.0,0.0,0.0,0.0,0.0
227,Nan,Nan,Nan,0.0,5.2729058265686035,0.6003072196620584,0.0,0.0,0.0,0.0,0.0
228,Nan,Nan,Nan,0.0,14.404067993164062,0.5655913978494623,0.0,0.0,0.0,0.0,0.0
229,Nan,Nan,Nan,0.0,16.52029800415039,0.6251920122887865,0.0,0.0,0.0,0.0,0.0
230,Nan,Nan,Nan,0.0,4.985050201416016,0.0,0.0,0.0,0.0,0.0,0.0
231,Nan,Nan,Nan,0.0,7.567017555236816,0.6245775729646698,0.0,0.0,0.0,0.0,0.0
232,Nan,Nan,Nan,0.0,9.003711700439453,0.0,0.0,0.0,0.0,0.0,0.0
233,Nan,Nan,Nan,0.0,6.347289085388184,0.5192012288786483,0.0,0.0,0.0,0.0,0.0
234,Nan,Nan,Nan,0.0,17.545076370239258,0.0,0.0,0.0,0.0,0.0,0.0
235,Nan,Nan,Nan,0.0,2.243356943130493,0.0,0.0,0.0,0.0,0.0,0.0
236,Nan,Nan,Nan,0.0,7.958959579467773,0.0,0.0,0.0,0.0,0.0,0.0
237,Nan,Nan,Nan,0.0,2.4078567028045654,0.0,0.0,0.0,0.0,0.0,0.0
238,Nan,Nan,Nan,0.0,10.822150230407715,0.4162826420890937,0.0,0.0,0.0,0.0,0.0
239,Nan,Nan,Nan,0.0,7.743432521820068,0.0,0.0,0.0,0.0,0.0,0.0
240,Nan,Nan,Nan,0.0,4.775607109069824,0.4519201228878648,0.0,0.0,0.0,0.0,0.0
241,Nan,Nan,Nan,0.0,8.40299129486084,0.4930875576036866,0.0,0.0,0.0,0.0,0.0
242,Nan,Nan,Nan,0.0,13.401473045349121,0.0,0.0,0.0,0.0,0.0,0.0
243,Nan,Nan,Nan,0.0,4.899325370788574,0.0,0.0,0.0,0.0,0.0,0.0
244,Nan,Nan,Nan,0.0,6.027712821960449,0.40030721966205834,0.0,0.0,0.0,0.0,0.0
245,Nan,Nan,Nan,0.0,7.656866073608398,0.0,0.0,0.0,0.0,0.0,0.0
246,Nan,Nan,Nan,0.0,8.65737533569336,0.0,0.0,0.0,0.0,0.0,0.0
247,Nan,Nan,Nan,0.0,5.0870561599731445,0.0,0.0,0.0,0.0,0.0,0.0
248,Nan,Nan,Nan,0.0,4.957586765289307,0.0,0.0,0.0,0.0,0.0,0.0
249,Nan,Nan,Nan,0.0,7.74629545211792,0.0,0.0,0.0,0.0,0.0,0.0
250,Nan,Nan,Nan,0.0,7.183788776397705,0.40829493087557606,0.0,0.0,0.0,0.0,0.0
251,Nan,Nan,Nan,0.0,6.019627571105957,0.3720430107526882,0.0,0.0,0.0,0.0,0.0
252,Nan,Nan,Nan,0.0,6.2032246589660645,0.0,0.0,0.0,0.0,0.0,0.0
253,Nan,Nan,Nan,0.0,5.661209583282471,0.0,0.0,0.0,0.0,0.0,0.0
254,Nan,Nan,Nan,0.0,7.361088275909424,0.0,0.0,0.0,0.0,0.0,0.0
255,Nan,Nan,Nan,0.0,5.819881916046143,0.0,0.0,0.0,0.0,0.0,0.0
256,Nan,Nan,Nan,0.0,12.866267204284668,0.0,0.0,0.0,0.0,0.0,0.0
257,Nan,Nan,Nan,0.0,9.035572052001953,0.5600614439324116,0.0,0.0,0.0,0.0,0.0
258,Nan,Nan,Nan,0.0,8.324347496032715,0.43164362519201227,0.0,0.0,0.0,0.0,0.0
259,Nan,Nan,Nan,0.0,6.310970306396484,0.4700460829493088,0.0,0.0,0.0,0.0,0.0
260,Nan,Nan,Nan,0.0,6.6372809410095215,0.0,0.0,0.0,0.0,0.0,0.0
261,Nan,Nan,Nan,0.0,2.8061330318450928,0.0,0.0,0.0,0.0,0.0,0.0
262,Nan,Nan,Nan,0.0,7.805915832519531,0.0,0.0,0.0,0.0,0.0,0.0
263,Nan,Nan,Nan,0.0,15.547826766967773,0.0,0.0,0.0,0.0,0.0,0.0
264,Nan,Nan,Nan,0.0,6.800417423248291,0.39969278033794164,0.0,0.0,0.0,0.0,0.0
265,Nan,Nan,Nan,0.0,12.489916801452637,0.0,0.0,0.0,0.0,0.0,0.0
266,Nan,Nan,Nan,0.0,5.760107517242432,0.5019969278033795,0.0,0.0,0.0,0.0,0.0
267,Nan,Nan,Nan,0.0,3.510293483734131,0.46881720430107526,0.0,0.0,0.0,0.0,0.0
268,Nan,Nan,Nan,0.0,9.328676223754883,0.0,0.0,0.0,0.0,0.0,0.0
269,Nan,Nan,Nan,0.0,11.120351791381836,0.0,0.0,0.0,0.0,0.0,0.0
270,Nan,Nan,Nan,0.0,4.390910625457764,0.0,0.0,0.0,0.0,0.0,0.0
271,Nan,Nan,Nan,0.0,6.059370040893555,0.5840245775729647,0.0,0.0,0.0,0.0,0.0
272,Nan,Nan,Nan,0.0,10.263874053955078,0.0,0.0,0.0,0.0,0.0,0.0
273,Nan,Nan,Nan,0.0,10.497413635253906,0.45314900153609833,0.0,0.0,0.0,0.0,0.0
274,Nan,Nan,Nan,0.0,9.242633819580078,0.6,0.0,0.0,0.0,0.0,0.0
275,Nan,Nan,Nan,0.0,8.271684646606445,0.0,0.0,0.0,0.0,0.0,0.0
276,Nan,Nan,Nan,0.0,12.628135681152344,0.0,0.0,0.0,0.0,0.0,0.0
277,Nan,Nan,Nan,0.0,3.032057285308838,0.0,0.0,0.0,0.0,0.0,0.0
278,Nan,Nan,Nan,0.0,5.204998016357422,0.0,0.0,0.0,0.0,0.0,0.0
279,Nan,Nan,Nan,0.0,9.047736167907715,0.0,0.0,0.0,0.0,0.0,0.0
280,Nan,Nan,Nan,0.0,7.336718559265137,0.5425499231950844,0.0,0.0,0.0,0.0,0.0
281,Nan,Nan,Nan,0.0,9.731369018554688,0.4629800307219662,0.0,0.0,0.0,0.0,0.0
282,Nan,Nan,Nan,0.0,11.106054306030273,0.0,0.0,0.0,0.0,0.0,0.0
283,Nan,Nan,Nan,0.0,8.391124725341797,0.4519201228878648,0.0,0.0,0.0,0.0,0.0
284,Nan,Nan,Nan,0.0,8.107379913330078,0.0,0.0,0.0,0.0,0.0,0.0
285,Nan,Nan,Nan,0.0,7.074694633483887,0.45376344086021503,0.0,0.0,0.0,0.0,0.0
286,Nan,Nan,Nan,0.0,7.229577541351318,0.5081413210445469,0.0,0.0,0.0,0.0,0.0
287,Nan,Nan,Nan,0.0,2.392313241958618,0.5987711213517665,0.0,0.0,0.0,0.0,0.0
288,Nan,Nan,Nan,0.0,10.982460021972656,0.0,0.0,0.0,0.0,0.0,0.0
289,Nan,Nan,Nan,0.0,7.0115556716918945,0.0,0.0,0.0,0.0,0.0,0.0
290,Nan,Nan,Nan,0.0,8.308611869812012,0.0,0.0,0.0,0.0,0.0,0.0
291,Nan,Nan,Nan,0.0,6.541945934295654,0.5938556067588325,0.0,0.0,0.0,0.0,0.0
292,Nan,Nan,Nan,0.0,8.297046661376953,0.38187403993855606,0.0,0.0,0.0,0.0,0.0
293,Nan,Nan,Nan,0.0,7.417133808135986,0.4436251920122888,0.0,0.0,0.0,0.0,0.0
294,Nan,Nan,Nan,0.0,4.464565753936768,0.4534562211981567,0.0,0.0,0.0,0.0,0.0
295,Nan,Nan,Nan,0.0,3.662102222442627,0.0,0.0,0.0,0.0,0.0,0.0
296,Nan,Nan,Nan,0.0,8.548126220703125,0.0,0.0,0.0,0.0,0.0,0.0
297,Nan,Nan,Nan,0.0,8.121538162231445,0.38095238095238093,0.0,0.0,0.0,0.0,0.0
298,Nan,Nan,Nan,0.0,4.980656623840332,0.0,0.0,0.0,0.0,0.0,0.0
299,Nan,Nan,Nan,0.0,8.327471733093262,0.5127496159754225,0.0,0.0,0.0,0.0,0.0
300,Nan,Nan,Nan,0.0,8.815659523010254,0.38341013824884795,0.0,0.0,0.0,0.0,0.0
301,Nan,Nan,Nan,0.0,9.325575828552246,0.5493087557603686,0.0,0.0,0.0,0.0,0.0
302,Nan,Nan,Nan,0.0,5.753992080688477,0.0,0.0,0.0,0.0,0.0,0.0
303,Nan,Nan,Nan,0.0,4.187448024749756,0.0,0.0,0.0,0.0,0.0,0.0
304,Nan,Nan,Nan,0.0,2.889481544494629,0.5929339477726574,0.0,0.0,0.0,0.0,0.0
305,Nan,Nan,Nan,0.0,6.960663795471191,0.3726574500768049,0.0,0.0,0.0,0.0,0.0
306,Nan,Nan,Nan,0.0,10.614534378051758,0.0,0.0,0.0,0.0,0.0,0.0
307,Nan,Nan,Nan,0.0,11.324016571044922,0.0,0.0,0.0,0.0,0.0,0.0
308,Nan,Nan,Nan,0.0,7.203477382659912,0.0,0.0,0.0,0.0,0.0,0.0
309,Nan,Nan,Nan,0.0,2.4077796936035156,0.0,0.0,0.0,0.0,0.0,0.0
310,Nan,Nan,Nan,0.0,8.389535903930664,0.5579109062980031,0.0,0.0,0.0,0.0,0.0
311,Nan,Nan,Nan,0.0,7.3425188064575195,0.4786482334869432,0.0,0.0,0.0,0.0,0.0
312,Nan,Nan,Nan,0.0,6.225249290466309,0.4728110599078341,0.0,0.0,0.0,0.0,0.0
313,Nan,Nan,Nan,0.0,11.231496810913086,0.0,0.0,0.0,0.0,0.0,0.0
314,Nan,Nan,Nan,0.0,5.686535358428955,0.0,0.0,0.0,0.0,0.0,0.0
315,Nan,Nan,Nan,0.0,5.078741073608398,0.4878648233486943,0.0,0.0,0.0,0.0,0.0
316,Nan,Nan,Nan,0.0,3.83120059967041,0.5698924731182796,0.0,0.0,0.0,0.0,0.0
317,Nan,Nan,Nan,0.0,6.963092803955078,0.6184331797235023,0.0,0.0,0.0,0.0,0.0
318,Nan,Nan,Nan,0.0,9.868548393249512,0.0,0.0,0.0,0.0,0.0,0.0
319,Nan,Nan,Nan,0.0,10.260354042053223,0.0,0.0,0.0,0.0,0.0,0.0
320,Nan,Nan,Nan,0.0,4.18054723739624,0.5741935483870968,0.0,0.0,0.0,0.0,0.0
321,Nan,Nan,Nan,0.0,11.169142723083496,0.0,0.0,0.0,0.0,0.0,0.0
322,Nan,Nan,Nan,0.0,6.671798229217529,0.0,0.0,0.0,0.0,0.0,0.0
323,Nan,Nan,Nan,0.0,6.4823527336120605,0.6067588325652842,0.0,0.0,0.0,0.0,0.0
324,Nan,Nan,Nan,0.0,9.026201248168945,0.0,0.0,0.0,0.0,0.0,0.0
325,Nan,Nan,Nan,0.0,6.7742438316345215,0.421505376344086,0.0,0.0,0.0,0.0,0.0
326,Nan,Nan,Nan,0.0,2.653691530227661,0.0,0.0,0.0,0.0,0.0,0.0
327,Nan,Nan,Nan,0.0,10.172738075256348,0.0,0.0,0.0,0.0,0.0,0.0
328,Nan,Nan,Nan,0.0,15.267861366271973,0.620583717357911,0.0,0.0,0.0,0.0,0.0
329,Nan,Nan,Nan,0.0,11.849122047424316,0.5766513056835637,0.0,0.0,0.0,0.0,0.0
330,Nan,Nan,Nan,0.0,8.446951866149902,0.5072196620583718,0.0,0.0,0.0,0.0,0.0
331,Nan,Nan,Nan,0.0,5.159595012664795,0.4608294930875576,0.0,0.0,0.0,0.0,0.0
332,Nan,Nan,Nan,0.0,3.946000814437866,0.46574500768049154,0.0,0.0,0.0,0.0,0.0
333,Nan,Nan,Nan,0.0,6.915687561035156,0.3953917050691244,0.0,0.0,0.0,0.0,0.0
334,Nan,Nan,Nan,0.0,16.022777557373047,0.0,0.0,0.0,0.0,0.0,0.0
335,Nan,Nan,Nan,0.0,5.230571746826172,0.0,0.0,0.0,0.0,0.0,0.0
336,Nan,Nan,Nan,0.0,9.322267532348633,0.0,0.0,0.0,0.0,0.0,0.0
337,Nan,Nan,Nan,0.0,6.041752815246582,0.3956989247311828,0.0,0.0,0.0,0.0,0.0
338,Nan,Nan,Nan,0.0,10.263509750366211,0.3827956989247312,0.0,0.0,0.0,0.0,0.0
339,Nan,Nan,Nan,0.0,13.524130821228027,0.38955453149001534,0.0,0.0,0.0,0.0,0.0
340,Nan,Nan,Nan,0.0,5.5966386795043945,0.5741935483870968,0.0,0.0,0.0,0.0,0.0
341,Nan,Nan,Nan,0.0,7.551822662353516,0.0,0.0,0.0,0.0,0.0,0.0
342,Nan,Nan,Nan,0.0,5.428355693817139,0.4915514592933948,0.0,0.0,0.0,0.0,0.0
343,Nan,Nan,Nan,0.0,17.027420043945312,0.0,0.0,0.0,0.0,0.0,0.0
344,Nan,Nan,Nan,0.0,3.4008970260620117,0.0,0.0,0.0,0.0,0.0,0.0
345,Nan,Nan,Nan,0.0,9.59940242767334,0.3969278033794163,0.0,0.0,0.0,0.0,0.0
346,Nan,Nan,Nan,0.0,4.637356758117676,0.4202764976958525,0.0,0.0,0.0,0.0,0.0
347,Nan,Nan,Nan,0.0,6.472904682159424,0.45714285714285713,0.0,0.0,0.0,0.0,0.0
348,Nan,Nan,Nan,0.0,2.791898012161255,0.4875576036866359,0.0,0.0,0.0,0.0,0.0
349,Nan,Nan,Nan,0.0,9.390068054199219,0.610752688172043,0.0,0.0,0.0,0.0,0.0
350,Nan,Nan,Nan,0.0,6.034353733062744,0.0,0.0,0.0,0.0,0.0,0.0
351,Nan,Nan,Nan,0.0,13.143421173095703,0.0,0.0,0.0,0.0,0.0,0.0
352,Nan,Nan,Nan,0.0,4.224741458892822,0.0,0.0,0.0,0.0,0.0,0.0
353,Nan,Nan,Nan,0.0,6.068570613861084,0.4817204301075269,0.0,0.0,0.0,0.0,0.0
354,Nan,Nan,Nan,0.0,4.5068840980529785,0.6052227342549923,0.0,0.0,0.0,0.0,0.0
355,Nan,Nan,Nan,0.0,11.170424461364746,0.0,0.0,0.0,0.0,0.0,0.0
356,Nan,Nan,Nan,0.0,7.213420391082764,0.5450076804915515,0.0,0.0,0.0,0.0,0.0
357,Nan,Nan,Nan,0.0,10.19001293182373,0.0,0.0,0.0,0.0,0.0,0.0
358,Nan,Nan,Nan,0.0,9.112109184265137,0.4927803379416283,0.0,0.0,0.0,0.0,0.0
359,Nan,Nan,Nan,0.0,13.018157958984375,0.4073732718894009,0.0,0.0,0.0,0.0,0.0
360,Nan,Nan,Nan,0.0,10.354703903198242,0.0,0.0,0.0,0.0,0.0,0.0
361,Nan,Nan,Nan,0.0,7.396409511566162,0.0,0.0,0.0,0.0,0.0,0.0
362,Nan,Nan,Nan,0.0,8.32107162475586,0.41597542242703534,0.0,0.0,0.0,0.0,0.0
363,Nan,Nan,Nan,0.0,4.630601406097412,0.5468509984639017,0.0,0.0,0.0,0.0,0.0
364,Nan,Nan,Nan,0.0,17.472564697265625,0.0,0.0,0.0,0.0,0.0,0.0
365,Nan,Nan,Nan,0.0,6.073859214782715,0.6187403993855607,0.0,0.0,0.0,0.0,0.0
366,Nan,Nan,Nan,0.0,13.00890064239502,0.6012288786482335,0.0,0.0,0.0,0.0,0.0
367,Nan,Nan,Nan,0.0,7.342966079711914,0.0,0.0,0.0,0.0,0.0,0.0
368,Nan,Nan,Nan,0.0,7.41280460357666,0.0,0.0,0.0,0.0,0.0,0.0
369,Nan,Nan,Nan,0.0,3.854813814163208,0.5004608294930876,0.0,0.0,0.0,0.0,0.0
370,Nan,Nan,Nan,0.0,3.8284053802490234,0.525652841781874,0.0,0.0,0.0,0.0,0.0
371,Nan,Nan,Nan,0.0,3.5271575450897217,0.5781874039938556,0.0,0.0,0.0,0.0,0.0
372,Nan,Nan,Nan,0.0,4.403830528259277,0.0,0.0,0.0,0.0,0.0,0.0
373,Nan,Nan,Nan,0.0,9.334688186645508,0.0,0.0,0.0,0.0,0.0,0.0
374,Nan,Nan,Nan,0.0,3.3485794067382812,0.5170506912442396,0.0,0.0,0.0,0.0,0.0
375,Nan,Nan,Nan,0.0,6.866922855377197,0.0,0.0,0.0,0.0,0.0,0.0
376,Nan,Nan,Nan,0.0,5.823194980621338,0.40829493087557606,0.0,0.0,0.0,0.0,0.0
377,Nan,Nan,Nan,0.0,10.11227035522461,0.5600614439324116,0.0,0.0,0.0,0.0,0.0
378,Nan,Nan,Nan,0.0,4.505884170532227,0.5419354838709678,0.0,0.0,0.0,0.0,0.0
379,Nan,Nan,Nan,0.0,21.724729537963867,0.5923195084485408,0.0,0.0,0.0,0.0,0.0
380,Nan,Nan,Nan,0.0,2.115581750869751,0.0,0.0,0.0,0.0,0.0,0.0
381,Nan,Nan,Nan,0.0,7.342975616455078,0.0,0.0,0.0,0.0,0.0,0.0
382,Nan,Nan,Nan,0.0,nan,0.0,0.0,0.0,0.0,0.0,0.0
383,Nan,Nan,Nan,0.0,5.487322807312012,0.4172043010752688,0.0,0.0,0.0,0.0,0.0
384,Nan,Nan,Nan,0.0,4.4267473220825195,0.5548387096774193,0.0,0.0,0.0,0.0,0.0
385,Nan,Nan,Nan,0.0,15.77922534942627,0.0,0.0,0.0,0.0,0.0,0.0
386,Nan,Nan,Nan,0.0,4.168329238891602,0.0,0.0,0.0,0.0,0.0,0.0
387,Nan,Nan,Nan,0.0,5.828381538391113,0.0,0.0,0.0,0.0,0.0,0.0
388,Nan,Nan,Nan,0.0,6.534402847290039,0.0,0.0,0.0,0.0,0.0,0.0
389,Nan,Nan,Nan,0.0,10.970169067382812,0.6122887864823349,0.0,0.0,0.0,0.0,0.0
390,Nan,Nan,Nan,0.0,9.372800827026367,0.38771121351766513,0.0,0.0,0.0,0.0,0.0
391,Nan,Nan,Nan,0.0,4.076475143432617,0.6104454685099846,0.0,0.0,0.0,0.0,0.0
392,Nan,Nan,Nan,0.0,2.2913458347320557,0.40675883256528417,0.0,0.0,0.0,0.0,0.0
393,Nan,Nan,Nan,0.0,5.5902276039123535,0.5032258064516129,0.0,0.0,0.0,0.0,0.0
394,Nan,Nan,Nan,0.0,9.377425193786621,0.0,0.0,0.0,0.0,0.0,0.0
395,Nan,Nan,Nan,0.0,6.04490327835083,0.0,0.0,0.0,0.0,0.0,0.0
396,Nan,Nan,Nan,0.0,12.342256546020508,0.0,0.0,0.0,0.0,0.0,0.0
397,Nan,Nan,Nan,0.0,3.8644230365753174,0.4666666666666667,0.0,0.0,0.0,0.0,0.0
398,Nan,Nan,Nan,0.0,8.557190895080566,0.4525345622119816,0.0,0.0,0.0,0.0,0.0
399,Nan,Nan,Nan,0.0,11.69411849975586,0.37542242703533024,0.0,0.0,0.0,0.0,0.0
400,Nan,Nan,Nan,0.0,12.102743148803711,0.0,0.0,0.0,0.0,0.0,0.0
401,Nan,Nan,Nan,0.0,4.14959192276001,0.4552995391705069,0.0,0.0,0.0,0.0,0.0
402,Nan,Nan,Nan,0.0,6.5550713539123535,0.0,0.0,0.0,0.0,0.0,0.0
403,Nan,Nan,Nan,0.0,6.06542444229126,0.0,0.0,0.0,0.0,0.0,0.0
404,Nan,Nan,Nan,0.0,6.074729919433594,0.0,0.0,0.0,0.0,0.0,0.0
405,Nan,Nan,Nan,0.0,6.5002946853637695,0.4095238095238095,0.0,0.0,0.0,0.0,0.0
406,Nan,Nan,Nan,0.0,7.470014572143555,0.0,0.0,0.0,0.0,0.0,0.0
407,Nan,Nan,Nan,0.0,7.392676830291748,0.0,0.0,0.0,0.0,0.0,0.0
408,Nan,Nan,Nan,0.0,4.649590492248535,0.5109062980030722,0.0,0.0,0.0,0.0,0.0
409,Nan,Nan,Nan,0.0,8.460653305053711,0.6282642089093702,0.0,0.0,0.0,0.0,0.0
410,Nan,Nan,Nan,0.0,16.64839744567871,0.0,0.0,0.0,0.0,0.0,0.0
411,Nan,Nan,Nan,0.0,6.317451000213623,0.4307219662058372,0.0,0.0,0.0,0.0,0.0
412,Nan,Nan,Nan,0.0,7.922277927398682,0.0,0.0,0.0,0.0,0.0,0.0
413,Nan,Nan,Nan,0.0,5.71229887008667,0.6178187403993856,0.0,0.0,0.0,0.0,0.0
414,Nan,Nan,Nan,0.0,17.168790817260742,0.0,0.0,0.0,0.0,0.0,0.0
415,Nan,Nan,Nan,0.0,3.039163589477539,0.0,0.0,0.0,0.0,0.0,0.0
416,Nan,Nan,Nan,0.0,3.0545706748962402,0.0,0.0,0.0,0.0,0.0,0.0
417,Nan,Nan,Nan,0.0,6.181999206542969,0.0,0.0,0.0,0.0,0.0,0.0
418,Nan,Nan,Nan,0.0,7.936002254486084,0.46052227342549923,0.0,0.0,0.0,0.0,0.0
419,Nan,Nan,Nan,0.0,7.062739372253418,0.5477726574500767,0.0,0.0,0.0,0.0,0.0
420,Nan,Nan,Nan,0.0,12.702631950378418,0.0,0.0,0.0,0.0,0.0,0.0
421,Nan,Nan,Nan,0.0,10.877469062805176,0.5459293394777266,0.0,0.0,0.0,0.0,0.0
422,Nan,Nan,Nan,0.0,11.052518844604492,0.562826420890937,0.0,0.0,0.0,0.0,0.0
423,Nan,Nan,Nan,0.0,10.436567306518555,0.0,0.0,0.0,0.0,0.0,0.0
424,Nan,Nan,Nan,0.0,5.093599796295166,0.0,0.0,0.0,0.0,0.0,0.0
425,Nan,Nan,Nan,0.0,4.187526226043701,0.4012288786482335,0.0,0.0,0.0,0.0,0.0
426,Nan,Nan,Nan,0.0,6.189833641052246,0.5732718894009217,0.0,0.0,0.0,0.0,0.0
427,Nan,Nan,Nan,0.0,5.046557903289795,0.0,0.0,0.0,0.0,0.0,0.0
428,Nan,Nan,Nan,0.0,11.186553955078125,0.0,0.0,0.0,0.0,0.0,0.0
429,Nan,Nan,Nan,0.0,9.82439136505127,0.38894009216589864,0.0,0.0,0.0,0.0,0.0
430,Nan,Nan,Nan,0.0,8.669876098632812,0.5290322580645161,0.0,0.0,0.0,0.0,0.0
431,Nan,Nan,Nan,0.0,6.047430992126465,0.0,0.0,0.0,0.0,0.0,0.0
